id,insta_follower,tiktok,youtube,categories,price_category
1723,200630,236512,167037,"Drama,Romance,School,Supernatural",HIGH
6306,102733,69192,50717,"Drama,School,Shounen",HIGH
19,466254,287409,328098,"Adventure,Drama,Supernatural",HIGH
18,339556,255650,287798,"Action,Adventure,Fantasy",HIGH
27,333186,189577,123542,"Adventure,Drama,Fantasy,Romance",HIGH
165,133620,136631,123766,"Comedy,Drama,Romance,Shounen",HIGH
1441,176475,160641,124981,"Action,Comedy,School,Shounen",HIGH
1316,93657,53371,49667,"Action,Adventure,Drama,Shounen,Supernatural",HIGH
292,80825,61680,59532,"Adventure,Supernatural",HIGH
139,151561,186339,231246,"Comedy,Drama,Romance,Shounen",HIGH
376,453630,342530,192905,"Action,Fantasy,Supernatural",HIGH
1865,146895,75023,96895,"Comedy,Drama",HIGH
307,299434,384263,305997,"Action,Adventure,Shounen,Supernatural",HIGH
32,271484,218211,155262,"Adventure,Comedy,Supernatural",HIGH
34,143273,165151,104184,"Adventure,Fantasy",HIGH
3444,36751,34284,39171,"Drama,Fantasy",MEDIUM
560,289206,188223,177597,"Adventure,Drama,Romance,Sci-Fi",HIGH
689,57963,50922,35115,"Action,Adventure,Drama,Fantasy,Romance,Shounen",HIGH
719,85020,59738,56828,"Action,Adventure,Comedy,Drama,Fantasy,Shounen",HIGH
9,717796,532527,391778,"Action,Comedy,Drama,School,Supernatural",HIGH
525,76051,40701,39313,"Action,Adventure,Comedy,Drama,Fantasy,Shounen",HIGH
31,151061,145131,96795,"Adventure,Fantasy,Romance,Sci-Fi",HIGH
1105,101027,53376,59099,"Comedy,School,Shounen",HIGH
115,246899,200223,215098,"Comedy,Romance,Shounen",HIGH
1890,59652,43809,28664,"Drama,Romance,School",HIGH
200,224947,125043,70601,"Drama,Fantasy,Romance",HIGH
5151,18642,15002,16455,"Action,Adventure,Comedy,Drama,Fantasy,Shounen",MEDIUM
1762,89424,45245,33625,"Comedy,Drama",HIGH
359,283069,170550,221581,"Action,Comedy,Sci-Fi",HIGH
981,222994,253104,173862,"Comedy,Drama,Romance,School",HIGH
5277,35120,37199,37161,"Comedy,Romance,School",MEDIUM
88,223359,121789,120715,"Comedy,Sci-Fi",HIGH
1286,45189,55405,56702,Drama,HIGH
2374,23701,27188,26717,"Adventure,Sci-Fi,Shounen",MEDIUM
964,120089,144793,78716,"Action,Adventure,Drama,Shounen,Supernatural",HIGH
261,292622,198314,140916,"Comedy,Romance,School",HIGH
447,171086,198855,225118,"Action,Comedy,School",HIGH
1426,312654,340246,287987,"Action,Comedy,School,Shounen",HIGH
47,334399,360881,344388,"Action,Adventure,Comedy,Shounen",HIGH
1336,32732,31237,31518,"Adventure,Comedy,Shounen",MEDIUM
397,121349,74643,56643,Drama,HIGH
227,515378,354285,250470,"Action,Adventure,Shounen,Supernatural",HIGH
1321,15557,12117,11218,"Adventure,Drama,Sci-Fi",MEDIUM
4892,7954,8769,11283,"Comedy,Shounen",MEDIUM
620,93095,89765,108869,"Comedy,Romance,School,Shounen",HIGH
4231,10575,5387,2852,"Action,Adventure,Drama,Shounen",MEDIUM
2127,20989,17039,22132,"Action,Adventure,Comedy,Drama",MEDIUM
2931,5063,6207,4081,"Adventure,Comedy,Romance,Shounen",MEDIUM
2187,58075,43843,54373,"Action,Adventure,Shounen",HIGH
504,353876,459009,462643,"Comedy,Drama,Romance,School",HIGH
3209,13935,11610,6901,"Comedy,Romance",MEDIUM
1579,97910,118143,101926,Fantasy,HIGH
1225,88986,61455,45711,"Comedy,Drama,Fantasy",HIGH
988,30516,38911,45953,"Adventure,Comedy,Fantasy,Shounen",MEDIUM
1132,11342,14284,12399,"Comedy,School,Shounen",MEDIUM
67,580184,339425,192265,"Action,Adventure,Comedy,Fantasy,Shounen,Supernatural",HIGH
1219,68181,40423,44976,"Action,Comedy,Sci-Fi",HIGH
418,173264,144345,119549,"Comedy,Romance,Supernatural",HIGH
568,178553,196437,156481,"Comedy,Romance,School,Shounen",HIGH
1618,70039,90680,91067,Drama,HIGH
1009,50876,35614,37773,"Comedy,Shounen",HIGH
400,103105,130455,84629,"Action,Comedy,Supernatural",HIGH
1308,244877,136787,130803,"Adventure,Comedy,Fantasy,Supernatural",HIGH
1948,70559,84683,44178,"Adventure,Fantasy,Sci-Fi,Shounen",HIGH
543,138364,134808,162247,"Drama,Romance,School",HIGH
3580,27274,14965,11285,"Adventure,Comedy,Romance,Shounen",MEDIUM
1461,67254,39056,20779,"Comedy,School,Shounen",HIGH
281,52672,68194,84717,"Comedy,Romance,School",MEDIUM
613,92499,99787,112756,"Adventure,Drama,Fantasy",HIGH
5066,16938,21900,16339,"Action,Adventure,Comedy,Shounen",MEDIUM
1841,67732,77162,38645,"Action,Fantasy,Supernatural",MEDIUM
2061,43545,31189,29642,"Adventure,Comedy,Romance,Shounen",MEDIUM
1869,213493,219366,187045,"Drama,Romance,Sci-Fi",HIGH
573,104193,113649,59189,"Action,Adventure,Sci-Fi",HIGH
61,140277,85152,81714,"Adventure,Fantasy",HIGH
5002,6073,4209,3158,"Comedy,Fantasy,Supernatural",MEDIUM
1203,31632,37160,43199,"Comedy,Sci-Fi,Shounen",MEDIUM
1335,10873,6915,8583,"Action,Adventure,Comedy,Shounen",MEDIUM
2613,4975,4046,2996,"Adventure,Sci-Fi,Shounen",MEDIUM
1771,26746,20232,10395,"Adventure,Drama,Fantasy",MEDIUM
4631,11458,12731,12603,"Adventure,Comedy,Drama,Fantasy",MEDIUM
1898,82625,84268,97758,"Action,Adventure",MEDIUM
799,36228,22640,24824,"Adventure,Fantasy,Shounen,Supernatural",MEDIUM
232,104775,131238,168907,"Action,Adventure,Shounen",HIGH
4819,5663,5178,2827,"Action,Adventure,Comedy,Drama,Romance,Sci-Fi",MEDIUM
3011,7999,4869,3123,"Action,Comedy,School,Shounen",MEDIUM
2507,14414,18605,16699,Drama,MEDIUM
286,336349,206206,104159,"Action,Adventure,Comedy,Fantasy,Romance",HIGH
1031,60027,51579,64028,"Adventure,Comedy,Drama,Shounen,Supernatural",HIGH
1453,213342,273007,211977,"Action,Adventure,Drama,Fantasy",HIGH
3510,1043,1202,1341,"Comedy,Romance",MEDIUM
1779,23453,21656,13479,"Adventure,Drama,Fantasy",MEDIUM
6380,1757,885,915,Drama,MEDIUM
383,218231,225687,263006,"Comedy,Fantasy,Supernatural",HIGH
1439,37540,21445,27561,"Action,Adventure,Fantasy,Shounen,Supernatural",MEDIUM
2287,40868,47153,28255,"Comedy,Romance,School,Shounen",MEDIUM
253,492133,284271,220203,"Action,Adventure,Fantasy",HIGH
226,47619,43145,35923,"Comedy,Fantasy,Supernatural",MEDIUM
1988,15508,10358,9429,Action,MEDIUM
17,169517,127570,67610,"Action,Adventure,Comedy,Drama,Shounen,Supernatural",HIGH
3330,29622,29719,36804,"Action,Comedy,Sci-Fi",MEDIUM
1905,43673,33383,35927,"Adventure,Drama,Fantasy,Shounen",MEDIUM
827,76286,64739,72557,"Adventure,Fantasy,Romance",HIGH
1310,46823,39698,27275,"Comedy,Fantasy",MEDIUM
3507,1119,1021,1084,"Comedy,Romance,Supernatural",MEDIUM
814,139013,96368,100498,"Action,Comedy,School,Supernatural",HIGH
172,46803,37807,41293,"Comedy,Shounen,Supernatural",MEDIUM
690,184525,167348,175162,"Action,Drama,Fantasy,Romance,School,Supernatural",HIGH
455,51688,55101,37127,Comedy,MEDIUM
146,30519,22986,17640,"Drama,Supernatural",MEDIUM
3180,11084,8875,8990,"Comedy,Drama,Romance,Shounen",MEDIUM
4809,23020,18075,15671,"Action,Adventure,Comedy,Drama,Romance,Sci-Fi",MEDIUM
1207,91034,53406,50580,"Action,Drama,Fantasy,Sci-Fi",HIGH
2537,6063,6365,6659,"Action,Drama",MEDIUM
327,30684,26865,21549,"Action,Adventure,Comedy,Drama",MEDIUM
29,37792,40489,21748,"Adventure,Comedy,Fantasy,Shounen",MEDIUM
365,34373,30553,22275,"Action,Adventure,Comedy,Shounen",MEDIUM
141,168017,138185,85117,"Action,Sci-Fi",HIGH
97,70987,92210,114181,"Adventure,Fantasy,Shounen,Supernatural",HIGH
1906,46276,36055,36697,"Adventure,Comedy,Fantasy,Sci-Fi,Shounen",MEDIUM
986,42304,43520,53801,"Action,Fantasy,Supernatural",MEDIUM
1989,17443,12128,10223,"Action,Adventure,Comedy,Drama,Fantasy,Shounen",MEDIUM
4361,11149,8945,6205,"Action,Comedy,Drama,Fantasy",MEDIUM
1425,106872,137249,144506,"Action,School,Sci-Fi,Shounen,Supernatural",HIGH
2536,15552,16989,11622,Drama,MEDIUM
596,297058,249137,252840,"Action,Drama,Fantasy,Romance,School,Supernatural",HIGH
2021,54790,36107,37983,"Action,Adventure,Comedy,Fantasy,Shounen",MEDIUM
1100,19991,11518,14494,"Comedy,Shounen",MEDIUM
656,61884,45969,37430,"Adventure,Comedy,Fantasy,Shounen",MEDIUM
777,133010,96094,91766,"Action,Drama,Fantasy,Romance,Supernatural",HIGH
2918,14896,17799,10643,"Action,Comedy,School,Shounen",MEDIUM
1879,56994,42849,29449,"Adventure,Comedy,Fantasy,Sci-Fi,Shounen",MEDIUM
6980,781,825,574,"Adventure,Drama",MEDIUM
524,46781,46333,56237,"Action,Fantasy,Sci-Fi",MEDIUM
4821,2783,1411,768,"Action,Adventure,Comedy,Drama,Romance,Sci-Fi",MEDIUM
3856,31179,25605,24521,"Adventure,Comedy,Drama,Shounen,Supernatural",MEDIUM
3663,6498,3292,1703,"Action,Drama,Fantasy,Sci-Fi",MEDIUM
3454,4714,5780,6651,"Drama,School",MEDIUM
3536,8586,10576,7123,"Action,Comedy,Drama,Shounen",MEDIUM
258,87824,102968,114272,"Comedy,Shounen,Supernatural",HIGH
1628,65125,68640,68005,"Comedy,Drama,Romance",HIGH
152,216204,166396,124675,"Comedy,Romance,Shounen,Supernatural",HIGH
3212,44465,49057,58218,"Comedy,School,Supernatural",MEDIUM
195,61919,46022,44771,"Shounen,Supernatural",HIGH
1376,22599,14859,17813,"Comedy,Drama,Romance,School,Supernatural",MEDIUM
5029,2832,1690,1030,"Adventure,Comedy,Shounen",MEDIUM
1623,197912,174472,226744,"Drama,Sci-Fi",HIGH
276,58274,72297,48265,"Action,Adventure,Comedy,Drama",MEDIUM
5287,2430,2056,1716,"Comedy,Sci-Fi,Shounen",MEDIUM
622,94391,89769,88956,"Adventure,Comedy,Drama,Fantasy,Shounen",MEDIUM
3773,6953,8844,7950,"Adventure,Shounen",MEDIUM
564,134180,134848,113321,"Drama,School,Supernatural",HIGH
3430,18604,21854,13226,Comedy,MEDIUM
1878,65953,58322,29799,"Adventure,Comedy,Fantasy,Sci-Fi,Shounen",MEDIUM
3558,13918,7630,5755,"Action,Adventure,Sci-Fi",MEDIUM
1728,38303,26779,22718,"Drama,Sci-Fi",MEDIUM
6667,2470,1248,1108,"Adventure,Comedy,Sci-Fi",MEDIUM
551,80676,81896,72708,"Comedy,Romance,School",HIGH
60,134739,71234,36322,"Action,Adventure,Shounen,Supernatural",HIGH
935,72085,50033,53531,"Comedy,School",MEDIUM
5030,2506,1531,1636,Shounen,MEDIUM
2343,6517,6087,7896,Fantasy,MEDIUM
2382,6036,4329,4539,"Adventure,Comedy,Fantasy",MEDIUM
3666,20261,12736,10245,"Action,Comedy,School",MEDIUM
2120,107325,131007,145583,"Action,Adventure,Fantasy",HIGH
2677,12153,6713,4753,Comedy,MEDIUM
1399,14845,14109,10269,"Adventure,Comedy,Fantasy",MEDIUM
333,12418,10212,11686,"Action,Adventure,Supernatural",MEDIUM
688,17153,12486,16230,"Adventure,Fantasy,Shounen",MEDIUM
6006,2629,2772,2026,"Adventure,Sci-Fi",MEDIUM
269,33816,22094,27315,"Comedy,Romance,School,Shounen",MEDIUM
2084,55252,66186,67938,"Comedy,Sci-Fi,Shounen",MEDIUM
1220,103615,119396,65742,"Action,Adventure,Fantasy,School,Sci-Fi",HIGH
1592,22955,24672,19186,"Comedy,Supernatural",MEDIUM
6501,2048,2619,2601,Comedy,MEDIUM
1218,50384,48657,61666,"Action,Comedy,Sci-Fi",MEDIUM
6216,2871,1471,1642,"Adventure,Comedy,Shounen",MEDIUM
6928,1846,990,991,Comedy,MEDIUM
552,179569,127876,147019,"Comedy,Romance,School",HIGH
1509,118644,109050,92888,"Drama,Romance,School",HIGH
802,18013,16551,20996,"Drama,Romance,School",MEDIUM
1947,39041,35056,18679,"Adventure,Comedy,Sci-Fi,Shounen",MEDIUM
1880,50607,59121,42507,"Adventure,Comedy,Fantasy,Sci-Fi,Shounen",MEDIUM
1754,44108,32018,16542,"Action,Fantasy,Sci-Fi",MEDIUM
1763,44030,50315,31496,"Drama,Sci-Fi",MEDIUM
3538,10795,13035,11852,"Action,Comedy,School",MEDIUM
3028,29029,23889,18200,"Drama,School,Supernatural",MEDIUM
3178,12418,10289,11016,"Adventure,Comedy,Shounen",MEDIUM
473,20508,20060,20015,"Adventure,Comedy,Fantasy",MEDIUM
1682,23484,28218,31284,Fantasy,MEDIUM
1054,104607,83254,84671,"Action,Comedy,Fantasy,School,Shounen,Supernatural",HIGH
6470,1321,1316,902,Fantasy,MEDIUM
3854,4886,5450,5451,"Adventure,Fantasy",MEDIUM
4637,5072,5280,5125,Comedy,MEDIUM
563,114217,66422,52078,"Action,Shounen,Supernatural",HIGH
4210,13582,15529,12546,"Drama,Romance",MEDIUM
6119,1397,1145,851,Comedy,MEDIUM
2395,10757,11512,11661,"Adventure,Sci-Fi",MEDIUM
2398,69088,56640,42613,"Comedy,Romance,School",MEDIUM
6103,6883,4099,3164,"Action,Adventure,Comedy,Shounen",MEDIUM
1372,16933,9493,11387,Sci-Fi,MEDIUM
1087,19219,18643,21533,Comedy,MEDIUM
2532,6166,7304,7721,"Action,Adventure,Comedy,Shounen,Supernatural",MEDIUM
201,79493,62065,47510,"Comedy,Romance,School",MEDIUM
1788,11171,10925,9291,Sci-Fi,MEDIUM
5462,3109,2701,1848,"Comedy,Drama,Romance",MEDIUM
649,16495,12161,15610,"Adventure,Comedy,Fantasy,Shounen",MEDIUM
1090,32103,24256,24055,Comedy,MEDIUM
769,53129,64676,43398,"Action,Drama,Fantasy,Romance,School,Supernatural",MEDIUM
5642,2647,1565,997,Adventure,MEDIUM
1921,14893,14011,15149,"Comedy,Supernatural",MEDIUM
3739,6442,4370,3770,"Adventure,Shounen,Supernatural",MEDIUM
3495,2696,2296,2663,"Comedy,Romance",MEDIUM
6500,2941,2952,1540,"Action,Adventure,Comedy,Drama,Sci-Fi,Shounen",MEDIUM
695,58211,49978,47336,"Drama,Romance,School",MEDIUM
4453,4383,5403,2962,"Action,Adventure,Comedy,Shounen",MEDIUM
2908,7170,8299,6487,"Comedy,School,Shounen",MEDIUM
2531,6352,3865,2285,"Action,Adventure,Shounen,Supernatural",MEDIUM
4267,5894,7091,8412,"Drama,School,Sci-Fi,Supernatural",MEDIUM
218,107513,78097,45947,"Adventure,Sci-Fi",HIGH
1978,41220,25421,18536,"Adventure,Sci-Fi",MEDIUM
1844,164510,144596,161447,"Action,Adventure,Comedy,Fantasy,Romance,Shounen",HIGH
6121,1370,1639,1141,"Action,Adventure,Comedy,Fantasy",MEDIUM
5511,7714,6219,4009,"Adventure,Fantasy",MEDIUM
1798,74901,55252,69134,"Adventure,Drama,Fantasy",MEDIUM
2576,25876,14932,8794,"Action,Comedy,Shounen,Supernatural",MEDIUM
3300,35058,34949,45134,"Romance,School",MEDIUM
3084,20410,12300,11683,Comedy,MEDIUM
598,48041,36257,26564,"Action,Adventure,Drama,Fantasy,Sci-Fi",MEDIUM
337,44786,26999,21613,"Comedy,Supernatural",MEDIUM
607,33028,31276,15761,"Adventure,Comedy,Fantasy,Shounen",MEDIUM
1760,68951,58898,37054,"Comedy,Drama,Romance",MEDIUM
664,43962,33728,39646,"Action,Fantasy,Supernatural",MEDIUM
2504,3174,1618,1620,Drama,MEDIUM
1164,44313,31712,20057,"Comedy,Fantasy,Shounen",MEDIUM
1016,56353,33019,38095,"Adventure,Comedy,Fantasy,Romance,Shounen",MEDIUM
3644,54796,61552,58435,"Comedy,Romance,School,Shounen",MEDIUM
3231,16764,12367,6947,"Comedy,Drama,Romance,Shounen",MEDIUM
3371,12088,13033,14509,"Comedy,Romance,Supernatural",MEDIUM
2612,4031,3019,3110,"Adventure,Fantasy,Sci-Fi,Shounen",MEDIUM
1157,34426,39818,23646,Comedy,MEDIUM
3714,10130,11577,14193,"Adventure,Comedy,Fantasy,Romance",MEDIUM
4476,6244,5494,3616,"Comedy,Sci-Fi",MEDIUM
68,107384,129345,65624,"Action,Comedy,Drama,Fantasy,Shounen,Supernatural",HIGH
672,31909,29978,29464,"Action,Adventure,Fantasy,Shounen",MEDIUM
2129,26647,13884,14130,"Action,Fantasy",MEDIUM
5914,6649,7563,6051,Comedy,MEDIUM
4667,8024,4878,5932,Comedy,MEDIUM
184,26535,24828,22376,"Comedy,Romance,School,Shounen",MEDIUM
1795,94202,115781,72453,"Comedy,School,Shounen,Supernatural",HIGH
3140,47651,30757,29978,"Adventure,Fantasy,Shounen",MEDIUM
682,108170,75228,93983,"Action,Adventure,Comedy,Fantasy,Shounen",HIGH
5978,3648,4034,3692,"Adventure,Drama",MEDIUM
4338,7213,6691,3989,"Fantasy,Sci-Fi",MEDIUM
4687,854,798,662,"Action,Adventure,Comedy,Romance,Shounen",MEDIUM
1984,29382,15625,7916,"Action,Comedy,School,Shounen",MEDIUM
2529,2634,3393,2766,Drama,MEDIUM
1784,9045,10769,13043,"Drama,Fantasy,Sci-Fi",MEDIUM
2107,12505,9606,9867,"Action,Adventure,Comedy,Fantasy,Shounen",MEDIUM
6555,1817,1673,1863,"Adventure,Comedy",MEDIUM
1946,28968,27283,29169,"Action,Adventure,Comedy,Fantasy,Shounen",MEDIUM
1977,35583,18901,12368,"Comedy,Romance,School",MEDIUM
2372,8849,11146,11720,"Adventure,Fantasy,Sci-Fi,Shounen",MEDIUM
2376,11705,10912,8167,"Adventure,Sci-Fi,Shounen",MEDIUM
1513,27571,29348,22560,"Action,Adventure,Shounen",MEDIUM
1041,4425,4011,4744,"Adventure,Shounen,Supernatural",MEDIUM
5205,3659,3831,2706,Comedy,MEDIUM
694,115075,100503,62559,"Drama,Romance,School",HIGH
5138,4225,5167,4962,"Action,Adventure,Fantasy,Shounen",MEDIUM
1409,83977,74491,87024,"Comedy,School",HIGH
2980,16067,20240,23385,"Action,Comedy,Fantasy,Sci-Fi",MEDIUM
6471,1773,1774,1235,"Adventure,Comedy",MEDIUM
928,44450,48667,34438,"Fantasy,Supernatural",MEDIUM
3368,30098,23237,21067,"Comedy,Romance,Supernatural",MEDIUM
1240,20660,21090,25244,"Comedy,Romance",MEDIUM
4886,517,367,193,Adventure,MEDIUM
3370,12944,14332,15626,"Action,Comedy,Sci-Fi",MEDIUM
2190,44179,39248,37384,"Drama,Romance,Supernatural",MEDIUM
731,46237,25471,27855,"Adventure,Fantasy",MEDIUM
3175,13073,9560,8681,"Adventure,Comedy,Shounen",MEDIUM
1070,12148,7621,7318,"Action,Comedy,Shounen,Supernatural",MEDIUM
618,33633,41298,46706,"Action,Adventure,Drama,Fantasy,Shounen",MEDIUM
2508,6404,5904,3488,Drama,MEDIUM
6775,983,700,897,Fantasy,MEDIUM
3385,12337,8971,7929,"Adventure,Sci-Fi,Shounen",MEDIUM
6220,4018,3807,1955,"Action,Adventure,Comedy,Shounen",MEDIUM
3270,12489,11706,14950,Drama,MEDIUM
2299,41898,40156,33628,"Comedy,Romance,School,Shounen",MEDIUM
815,31010,16885,13187,"Romance,School",MEDIUM
4477,2574,3185,1601,"Comedy,Sci-Fi",MEDIUM
4478,5046,4975,5940,"Comedy,Sci-Fi",MEDIUM
2828,4636,3271,4120,Comedy,MEDIUM
6502,1577,825,418,Comedy,MEDIUM
669,18307,17369,11853,"Adventure,Comedy,Fantasy,Shounen",MEDIUM
2691,14497,17851,10055,Comedy,MEDIUM
470,23679,26715,19301,"Adventure,Comedy,Fantasy",MEDIUM
2815,23937,16934,15004,"Comedy,School,Shounen,Supernatural",MEDIUM
1787,56370,57178,53369,"Action,Sci-Fi",MEDIUM
2547,3607,3824,4742,"Action,Adventure,Romance,Sci-Fi",MEDIUM
1901,51083,52830,43624,"Adventure,Comedy,Fantasy,Sci-Fi,Shounen",MEDIUM
2002,52569,38041,35274,"Action,Comedy,Fantasy",MEDIUM
507,123691,68125,48328,"Comedy,Drama,Romance,School",HIGH
2968,20883,18770,22561,"Comedy,Sci-Fi",MEDIUM
6617,1615,1581,1817,Comedy,MEDIUM
5133,5914,7241,7980,"Adventure,Comedy,Fantasy,Shounen",MEDIUM
2649,4277,3388,3761,"Action,Comedy,Shounen,Supernatural",MEDIUM
830,31019,37422,22987,School,MEDIUM
1701,30342,34683,37291,Comedy,MEDIUM
658,99506,84788,82356,"Drama,Fantasy,Romance,School",MEDIUM
699,69683,36599,43309,"Adventure,Comedy,Fantasy",MEDIUM
5263,3069,2479,2145,"Action,Adventure,Comedy,Shounen",MEDIUM
1216,80820,85117,101131,"Comedy,Romance",MEDIUM
679,22157,28390,18051,"Comedy,Fantasy,Shounen",MEDIUM
1494,99558,75323,47829,"Comedy,Drama,Romance,School,Sci-Fi",HIGH
311,55851,53397,66054,"Action,Drama,Fantasy",MEDIUM
6636,5870,4600,5900,"Comedy,Romance,Shounen,Supernatural",MEDIUM
5067,1353,1684,1643,"Action,Adventure,Comedy,Shounen",MEDIUM
6922,1218,1159,1193,"Comedy,Fantasy,Sci-Fi",MEDIUM
835,23772,20658,12278,"Action,Adventure,Comedy,Fantasy,Shounen",MEDIUM
2254,21920,12673,6732,"Adventure,Comedy,Fantasy,Sci-Fi,Shounen",MEDIUM
1275,42831,55203,58479,"Action,Drama,Sci-Fi",MEDIUM
2495,13775,13509,16804,"Action,Comedy",MEDIUM
884,17764,9121,5499,Romance,MEDIUM
323,13993,11915,11177,"Action,Comedy,Shounen",MEDIUM
4348,15565,15947,8940,"Adventure,Fantasy",MEDIUM
6603,1168,972,862,Fantasy,MEDIUM
1861,91049,64334,74291,"Action,Adventure,Comedy,Fantasy,Romance,Shounen",HIGH
2167,25799,28107,32649,"Drama,Romance,School,Shounen",MEDIUM
6110,2950,2017,1421,"Action,Adventure,Comedy,Shounen",MEDIUM
5637,6491,5495,3050,"Adventure,Drama",MEDIUM
2640,3085,3069,2864,Comedy,MEDIUM
1849,101326,67631,68184,"Comedy,Supernatural",MEDIUM
6026,524,354,382,"Adventure,Sci-Fi",MEDIUM
2766,7962,4737,5091,"Comedy,School,Shounen",MEDIUM
921,60139,64450,40331,"Comedy,School",MEDIUM
6340,3782,4916,5188,"Comedy,Fantasy,Sci-Fi",MEDIUM
6605,1156,1445,1457,Adventure,MEDIUM
4452,4296,3748,2512,"Action,Adventure,Comedy,Shounen",MEDIUM
5044,10373,11173,13989,"Action,Adventure,Comedy,Fantasy,Shounen",MEDIUM
4181,3223,3413,2508,"Adventure,Shounen,Supernatural",MEDIUM
4668,7484,8524,9563,"Adventure,Drama,Shounen",MEDIUM
585,40858,50476,61651,"Adventure,Comedy,Romance",MEDIUM
6219,2694,1405,1139,"Action,Adventure,Comedy,Shounen",MEDIUM
6004,1711,1609,1939,"Comedy,Drama,Sci-Fi",MEDIUM
2288,58051,73223,85138,"Drama,Romance,School,Sci-Fi",MEDIUM
7276,1705,1174,818,"Drama,Fantasy,Romance",MEDIUM
4229,23132,19382,22793,"Adventure,Fantasy,Shounen,Supernatural",MEDIUM
4645,9328,10250,7808,"Adventure,Sci-Fi,Shounen",MEDIUM
877,91552,45902,58047,"Drama,Romance,School",HIGH
2212,16654,14143,8202,"Comedy,Drama,Romance",MEDIUM
4818,3818,4899,2534,"Action,Adventure,Comedy,Drama,Romance,Sci-Fi",MEDIUM
5934,2864,1724,2086,"Action,Adventure,Shounen",MEDIUM
686,15333,11014,13928,"Action,Comedy,Shounen",MEDIUM
6825,1707,1800,1115,Adventure,MEDIUM
5176,12449,8912,7929,"Action,Adventure,Fantasy,Sci-Fi",MEDIUM
4475,6616,7485,7908,"Comedy,Sci-Fi",MEDIUM
3574,26176,30875,17055,"Adventure,Fantasy",MEDIUM
521,90977,94184,87254,"Action,Fantasy",HIGH
6109,3242,3436,2179,"Action,Adventure,Comedy,Shounen",MEDIUM
4375,13738,16869,21493,"Action,Comedy,Fantasy",MEDIUM
1185,35230,18208,12494,"Action,Comedy,Shounen",MEDIUM
1047,45084,52132,53829,"Adventure,Drama,Fantasy,Romance,Sci-Fi",MEDIUM
6214,3183,3248,2592,"Action,Adventure,Comedy,Shounen",MEDIUM
1169,34056,42259,41827,Comedy,MEDIUM
907,44787,40040,50660,"Romance,School,Sci-Fi",MEDIUM
4271,3945,3903,3971,"Adventure,Fantasy,Shounen,Supernatural",MEDIUM
2389,11992,10121,10254,"Action,Adventure,Fantasy,Sci-Fi,Shounen",MEDIUM
5053,3038,2165,1916,Comedy,MEDIUM
5202,5118,5800,5954,"Comedy,Supernatural",MEDIUM
2037,32828,24113,21378,"Comedy,Drama,Fantasy,Romance",MEDIUM
6236,2338,2254,1484,"Adventure,Comedy,Shounen",MEDIUM
3023,10233,10677,13098,"Drama,Romance,Sci-Fi,Shounen",MEDIUM
6640,3077,1658,924,"Action,Adventure,Fantasy,Shounen",MEDIUM
6672,1848,1845,2140,"Action,Comedy,Romance,School,Sci-Fi",MEDIUM
3516,3382,2397,2002,"Adventure,Comedy",MEDIUM
1113,43615,36093,45991,"Action,Fantasy,Shounen,Supernatural",MEDIUM
6453,3817,2068,1548,"Comedy,School",MEDIUM
6600,1181,1451,1787,Fantasy,MEDIUM
3441,10516,8597,8514,"Adventure,Fantasy",MEDIUM
2749,10824,6950,7286,"Action,Fantasy,Supernatural",MEDIUM
5704,943,500,391,Comedy,MEDIUM
3332,15519,15080,19427,"Comedy,Romance,School,Shounen,Supernatural",MEDIUM
5738,1260,662,603,"Adventure,Fantasy",MEDIUM
6094,801,588,485,Adventure,MEDIUM
974,13238,13228,12060,Comedy,MEDIUM
5019,10434,10919,12492,"Comedy,School",MEDIUM
647,74929,60873,65390,"Action,Adventure,Comedy,Drama,Fantasy,Shounen",MEDIUM
6084,1771,1444,1785,"Adventure,Fantasy",MEDIUM
1832,17584,12769,9143,"Action,Fantasy,Supernatural",MEDIUM
5769,3456,3101,3561,"Action,Adventure,Comedy,Shounen",MEDIUM
3559,16251,11176,6821,"Comedy,School,Supernatural",MEDIUM
3121,15236,15842,19231,Adventure,MEDIUM
808,5067,4189,4578,Comedy,MEDIUM
631,59207,76473,95265,"Adventure,Comedy,Fantasy,Sci-Fi,Shounen",MEDIUM
1042,3630,3678,3015,"Adventure,Shounen,Supernatural",MEDIUM
5408,16331,17156,17956,"Action,Sci-Fi",MEDIUM
1839,53375,42703,24664,"Adventure,Drama,Romance",MEDIUM
7233,923,1149,860,"Comedy,Shounen",MEDIUM
3339,18000,20343,17395,"Comedy,Supernatural",MEDIUM
5489,887,487,632,"Adventure,Comedy,Sci-Fi,Shounen",MEDIUM
5990,7292,4795,3857,Comedy,MEDIUM
2752,13053,12854,11754,Comedy,MEDIUM
6489,2341,1261,1483,"Comedy,Drama,Romance",MEDIUM
1150,6765,3705,3578,Comedy,MEDIUM
5144,3344,4196,2941,"Adventure,Drama,Fantasy",MEDIUM
969,31544,29824,34218,"Comedy,School",MEDIUM
4925,4427,4152,3360,Comedy,MEDIUM
4400,1124,1242,719,"Adventure,Comedy,Fantasy",MEDIUM
4190,13855,17550,19258,"Action,Comedy,Sci-Fi,Shounen",MEDIUM
2038,22770,28849,25225,"Comedy,Romance,School,Sci-Fi",MEDIUM
1037,78111,47410,51865,"Action,Adventure,Drama,Shounen,Supernatural",MEDIUM
1401,9610,9605,12394,Comedy,MEDIUM
3012,16922,15925,20483,"Comedy,Romance,School",MEDIUM
4691,1060,1197,655,"Adventure,Drama",MEDIUM
2289,12239,9963,6525,"Drama,Romance,Sci-Fi",MEDIUM
6235,2482,3183,1711,"Action,Adventure,Comedy,Shounen",MEDIUM
6982,1158,1444,1496,"Drama,Fantasy,Sci-Fi",MEDIUM
5483,1163,860,1095,Adventure,MEDIUM
474,32430,26378,19124,Comedy,MEDIUM
886,3692,3472,2697,Comedy,MEDIUM
7119,2228,2738,1473,"Adventure,Drama,Fantasy",MEDIUM
1568,22182,26509,19538,"Action,Shounen,Supernatural",MEDIUM
3504,29445,21274,26846,Action,MEDIUM
3164,3188,2451,1362,"Comedy,Sci-Fi",MEDIUM
5098,23370,27715,24530,"Action,Adventure,Comedy,Fantasy,Romance",MEDIUM
3232,42190,45372,48900,"Comedy,Drama,Romance,School",MEDIUM
1846,67877,37873,39922,"Action,Comedy,Fantasy",MEDIUM
4879,2641,1595,1879,"Comedy,Drama",MEDIUM
2080,4257,5213,4592,Drama,MEDIUM
976,20337,16948,16597,Comedy,MEDIUM
2103,22155,20679,19448,"Comedy,School,Shounen,Supernatural",MEDIUM
6222,3493,4432,5716,"Action,Adventure,Comedy,Shounen",MEDIUM
211,10194,11746,12828,"Action,Comedy,Fantasy,Shounen",MEDIUM
4820,2897,3736,3127,"Action,Adventure,Comedy,Drama,Romance,Sci-Fi",MEDIUM
3557,23422,20645,16522,"Action,Drama,Romance,Sci-Fi",MEDIUM
3089,16909,8828,6173,"Drama,Supernatural",MEDIUM
1706,55977,71542,78900,"School,Sci-Fi",MEDIUM
4226,889,549,352,"Adventure,Drama",MEDIUM
2562,14037,17575,22524,"Adventure,Comedy,Sci-Fi,Shounen",MEDIUM
4433,2557,2587,2694,"Adventure,Fantasy",MEDIUM
231,6970,4415,2649,"Adventure,Fantasy,Romance",MEDIUM
2917,13657,11222,14149,"Comedy,Shounen",MEDIUM
6221,3057,1924,2209,"Action,Adventure,Comedy,Shounen",MEDIUM
6244,2685,1876,2285,"Adventure,Comedy,Shounen",MEDIUM
2699,14917,18622,23255,Comedy,MEDIUM
2596,38495,36915,33438,"Action,Drama,Sci-Fi",MEDIUM
2719,3276,1996,1952,"School,Shounen",MEDIUM
3276,5078,4487,4927,"Action,Drama,Sci-Fi",MEDIUM
4685,2104,1556,1241,"Action,Adventure,Fantasy,Shounen",MEDIUM
457,8004,8774,5432,"Adventure,Comedy,Fantasy",MEDIUM
3256,11116,10466,12268,Fantasy,MEDIUM
2118,88500,74168,78327,"Comedy,Fantasy,Romance,School,Shounen,Supernatural",MEDIUM
6490,1458,812,907,"Comedy,Drama,Romance",MEDIUM
3691,2424,1961,1187,"Adventure,Shounen",MEDIUM
3515,4675,4209,2493,"Adventure,Comedy",MEDIUM
633,52690,38926,44307,"Adventure,Comedy,Fantasy,Sci-Fi,Shounen",MEDIUM
2018,25251,29317,31476,"Action,Adventure,Comedy,Fantasy",MEDIUM
4469,17601,14361,18660,"Comedy,Sci-Fi",MEDIUM
4871,3701,3010,1865,"Drama,Sci-Fi",MEDIUM
845,28616,17474,13666,"Action,Adventure,Sci-Fi",MEDIUM
1559,39377,30735,27151,"Action,Adventure,Fantasy",MEDIUM
1498,22614,27269,27884,"Comedy,Drama,Romance",MEDIUM
6631,567,488,266,Comedy,MEDIUM
2932,3510,2477,3149,Adventure,MEDIUM
2809,14807,16560,16153,Comedy,MEDIUM
3161,1837,2133,2245,"Action,Adventure,Sci-Fi,Shounen",MEDIUM
4534,2208,1592,1588,"Comedy,Sci-Fi",MEDIUM
2974,1248,1152,616,"Comedy,Fantasy",MEDIUM
3851,5457,3426,3126,"Action,Adventure,Comedy,Drama,Sci-Fi,Shounen",MEDIUM
517,171888,201081,113292,"Action,Comedy,Romance,School",HIGH
1746,4415,5125,2659,Comedy,MEDIUM
2925,30148,28878,25263,"Adventure,Comedy,Sci-Fi,Shounen",MEDIUM
4898,1995,1062,1207,"Adventure,Fantasy",MEDIUM
1109,3010,2241,2100,Comedy,MEDIUM
2375,8894,8471,8545,"Adventure,Sci-Fi,Shounen",MEDIUM
3408,18254,18868,12539,"Drama,Romance,Sci-Fi",MEDIUM
3462,7171,9087,7582,"Comedy,School",MEDIUM
3481,8722,6093,7324,"Adventure,Drama,Fantasy,Sci-Fi,Shounen",MEDIUM
7198,1355,1015,850,Comedy,MEDIUM
6805,3326,1837,1475,Comedy,MEDIUM
1985,14786,15809,19933,"Adventure,Sci-Fi",MEDIUM
5745,2083,1752,1397,"Action,Adventure,Comedy,Shounen",MEDIUM
1339,1433,786,489,"Drama,Sci-Fi",MEDIUM
1551,35513,20077,16790,"Comedy,Romance",MEDIUM
2100,41021,44208,43023,"Adventure,Comedy,Drama,Fantasy,Shounen",MEDIUM
2561,12676,12863,8182,"Adventure,Drama,Sci-Fi,Shounen",MEDIUM
2369,9289,10545,7513,"Adventure,Comedy,Fantasy,Romance",MEDIUM
4682,4802,5833,4469,"Action,Adventure,Sci-Fi,Shounen",MEDIUM
5251,1672,1987,1994,"Comedy,Drama,Romance",MEDIUM
4850,784,657,491,"Adventure,Comedy",MEDIUM
3308,6249,5200,4334,"Comedy,Romance,Sci-Fi",MEDIUM
1222,34732,29057,34722,"Adventure,Fantasy",MEDIUM
632,55789,29893,22811,"Adventure,Comedy,Fantasy,Sci-Fi,Shounen",MEDIUM
2159,20605,12363,9332,"Action,Adventure,Comedy,Fantasy,Shounen",MEDIUM
4711,7452,8581,6956,Romance,MEDIUM
779,34903,26387,32107,Fantasy,MEDIUM
6466,3847,3047,3222,"Adventure,Comedy,Fantasy",MEDIUM
6585,809,882,563,Fantasy,MEDIUM
2013,21043,20680,18699,"Adventure,Comedy,Fantasy,Sci-Fi,Shounen",MEDIUM
6224,3006,1595,1892,"Action,Adventure,Comedy,Shounen",MEDIUM
5045,5123,2721,2431,"Comedy,Fantasy,Shounen",MEDIUM
5735,2233,1170,1169,"Comedy,Romance,Sci-Fi,Shounen",MEDIUM
4822,2553,2904,2754,"Action,Adventure,Comedy,Drama,Romance,Sci-Fi",MEDIUM
129,89183,44717,34902,"Action,Shounen,Supernatural",MEDIUM
705,55444,54150,64680,"Action,Sci-Fi",MEDIUM
722,9144,5462,6788,"Romance,School",MEDIUM
3098,1509,1505,1477,"Action,School,Shounen",MEDIUM
2377,8217,6604,7860,"Adventure,Sci-Fi,Shounen",MEDIUM
7220,2822,1962,1546,Action,MEDIUM
3731,1588,1947,2183,"Action,Comedy,Sci-Fi",MEDIUM
5490,486,258,252,"Adventure,Comedy,Sci-Fi,Shounen",MEDIUM
789,14351,17406,15055,"Comedy,Fantasy,School",MEDIUM
1005,9848,12714,10836,"Adventure,Fantasy,Shounen,Supernatural",MEDIUM
819,55100,67031,59541,"Adventure,Fantasy,Sci-Fi",MEDIUM
2971,2284,1246,1142,Comedy,MEDIUM
6230,2693,1758,2267,"Action,Adventure,Comedy,Shounen",MEDIUM
4272,9210,10661,10840,Comedy,MEDIUM
1040,73241,37248,36951,"Adventure,Comedy,Drama,Fantasy,Shounen,Supernatural",MEDIUM
2082,18422,23205,17461,"School,Supernatural",MEDIUM
3841,2087,1782,1191,"Comedy,Sci-Fi",MEDIUM
4026,21064,15843,15118,"Drama,Romance",MEDIUM
2810,6311,3882,4383,Comedy,MEDIUM
6818,3279,2884,3026,"Action,Adventure,Sci-Fi",MEDIUM
2373,10277,7562,7208,"Adventure,Sci-Fi,Shounen",MEDIUM
3655,12647,9951,9149,"Comedy,Drama,Romance",MEDIUM
2104,22723,11526,8462,"Action,Adventure,Comedy,Fantasy,Shounen",MEDIUM
2874,36463,35998,38295,"Action,Comedy,Fantasy",MEDIUM
4696,4436,5074,2593,Comedy,MEDIUM
5685,3279,3311,3742,"Action,Adventure,Comedy,Shounen",MEDIUM
5189,908,701,628,"Action,Adventure,Comedy,Sci-Fi",MEDIUM
2792,15430,8057,4227,"Drama,Romance,School",MEDIUM
6163,3235,3968,4677,"Action,Adventure,Comedy,Shounen",MEDIUM
6868,931,788,1015,"Adventure,Drama,Sci-Fi",MEDIUM
2192,9637,8948,6800,"Action,Adventure,Fantasy",MEDIUM
3360,4794,3337,1701,"Adventure,Sci-Fi",MEDIUM
1870,11669,14750,8753,"Adventure,Comedy",MEDIUM
5613,2078,2577,3013,"Adventure,Drama,Fantasy,Sci-Fi",MEDIUM
1151,6812,4262,2859,Comedy,MEDIUM
1099,33923,19124,11613,Comedy,MEDIUM
5796,795,671,841,Comedy,MEDIUM
2560,11973,12354,9739,"Adventure,Comedy,Drama,Fantasy,Shounen",MEDIUM
3472,21516,21203,14968,"Comedy,Drama,Romance",MEDIUM
6689,641,388,332,Comedy,MEDIUM
6745,1138,954,1114,Adventure,MEDIUM
1768,4296,4956,2750,"Action,Drama",MEDIUM
4212,987,793,863,Action,MEDIUM
5740,2007,1827,1996,"Drama,Fantasy,Romance",MEDIUM
3923,2495,1328,1288,"Comedy,Romance,Sci-Fi",MEDIUM
4815,1815,950,693,"Action,Adventure,Comedy,Drama,Romance,Sci-Fi",MEDIUM
2614,1595,1190,1257,Drama,MEDIUM
1553,13231,11248,9629,"Action,Fantasy",MEDIUM
4514,5579,4870,5614,Comedy,MEDIUM
629,57840,44194,34576,"Adventure,Comedy,Fantasy,Sci-Fi,Shounen",MEDIUM
4462,5771,3097,3221,"Adventure,Comedy,Fantasy",MEDIUM
4556,2115,1390,714,"Fantasy,Sci-Fi",MEDIUM
6012,3035,1692,1035,"Adventure,Drama",MEDIUM
3230,16502,11835,13424,"Action,Fantasy,Shounen",MEDIUM
6253,1462,1345,1107,"Adventure,Comedy,Shounen",MEDIUM
1881,97308,81504,87919,"Adventure,Comedy,Drama,Fantasy,Shounen,Supernatural",MEDIUM
5660,1322,1655,2087,Comedy,MEDIUM
4198,5060,5093,6272,"Action,Drama",MEDIUM
3946,3993,4673,4944,"Comedy,Romance,Sci-Fi",MEDIUM
5219,2745,2857,3023,"Action,Adventure,Comedy,Drama,Romance,Sci-Fi",MEDIUM
2703,7639,7137,7815,"Adventure,Supernatural",MEDIUM
6769,569,718,469,Fantasy,LOW
2876,47036,47605,28522,"Comedy,Romance,School,Shounen,Supernatural",MEDIUM
1370,31096,37417,38205,"Action,Fantasy,Supernatural",MEDIUM
2679,1664,2134,2124,"Action,Comedy,Shounen,Supernatural",MEDIUM
1386,18119,20546,26360,Comedy,MEDIUM
3525,17105,13673,14743,Sci-Fi,MEDIUM
3778,5044,5764,3641,Comedy,MEDIUM
823,35753,34812,42645,"Comedy,Shounen,Supernatural",MEDIUM
3743,2507,2549,1330,"Action,Adventure,Comedy,Shounen",MEDIUM
6021,1165,1146,1268,"Adventure,Comedy",LOW
1302,10303,9702,12503,"Action,Comedy,Fantasy",MEDIUM
2494,13904,10752,6338,"Action,Adventure,Comedy",MEDIUM
3234,10579,12545,15175,"Drama,Romance,School",MEDIUM
6394,187,204,134,"Adventure,Fantasy",LOW
2064,16455,19175,20294,"Adventure,Fantasy,Shounen",MEDIUM
2226,26302,16237,12022,Comedy,MEDIUM
4999,3260,4105,3185,"Comedy,Sci-Fi,Shounen",MEDIUM
1882,91526,94118,69362,"Action,Adventure",MEDIUM
111,22131,17687,18935,"Action,Adventure,Comedy,Shounen",MEDIUM
5022,14310,15553,10084,"Adventure,Comedy,Fantasy",MEDIUM
90,81738,82802,53287,"Action,Adventure,Fantasy",MEDIUM
1943,18975,18113,16142,"Action,Fantasy,Sci-Fi",MEDIUM
1538,67336,73490,77405,"Comedy,Romance,School,Shounen",MEDIUM
4243,7131,4689,5847,"Adventure,Comedy,Fantasy",MEDIUM
2054,5640,4711,4592,Sci-Fi,MEDIUM
6322,1717,1586,1900,"Adventure,Drama,Fantasy,Sci-Fi",LOW
4725,1315,1046,973,"Fantasy,Romance",LOW
6108,1597,1025,535,"Adventure,Drama",LOW
627,57623,33927,20861,"Adventure,Comedy,Fantasy,Sci-Fi,Shounen",MEDIUM
6317,549,545,583,Action,LOW
4211,23405,28871,17875,"Action,Sci-Fi,Shounen",MEDIUM
5770,2863,3571,2359,"Action,Adventure,Comedy,Shounen",LOW
6910,1423,1645,1974,"Romance,School",LOW
4323,7254,6414,5159,"Comedy,Drama,Romance,Sci-Fi",MEDIUM
6693,2503,1305,1580,"Comedy,Romance,Sci-Fi",LOW
5659,1723,884,1122,Comedy,LOW
7055,533,407,356,"Adventure,Fantasy",LOW
807,4037,4245,2921,"Comedy,School",LOW
5055,1660,1574,1936,Comedy,LOW
6315,819,1056,1201,Action,LOW
6326,650,810,891,"Adventure,Drama",LOW
3173,5420,4841,3804,"Action,Comedy,Sci-Fi,Shounen",MEDIUM
5089,11965,15296,19865,"Action,Adventure,Fantasy",MEDIUM
4880,1633,962,575,"Comedy,Sci-Fi",LOW
3150,14380,8754,4841,"Comedy,Drama,Romance",MEDIUM
6316,690,510,549,Action,LOW
2655,9853,11635,13525,"Action,Comedy",MEDIUM
3632,22170,23317,11831,"Action,Adventure,Comedy,Fantasy",MEDIUM
6206,2146,2773,1504,"Adventure,Fantasy",LOW
3545,3709,2698,1522,"Comedy,School",LOW
3769,3847,4497,3761,"Comedy,Fantasy,Romance",MEDIUM
6237,1990,1743,1317,"Adventure,Drama,Sci-Fi",LOW
3442,3772,4398,4291,Romance,LOW
2842,5949,7590,9005,"Shounen,Supernatural",MEDIUM
5313,5566,3352,3904,"Action,Comedy",MEDIUM
3043,2908,2584,3128,"Adventure,Drama,Sci-Fi",LOW
4728,4093,5080,5246,Comedy,LOW
6047,6611,7167,8761,"Action,Adventure,Comedy,Fantasy",MEDIUM
628,53765,49730,39928,"Adventure,Comedy,Fantasy,Sci-Fi,Shounen",MEDIUM
3963,5037,4643,5149,"Comedy,Fantasy",LOW
5243,3207,2819,2670,Comedy,LOW
3183,7297,5447,6814,"Adventure,Comedy,Sci-Fi,Shounen",MEDIUM
3047,1553,1155,1307,Comedy,LOW
5590,14232,13013,15500,"Action,Adventure,Comedy,Fantasy,School,Sci-Fi,Shounen",MEDIUM
5261,6001,7750,4394,"Comedy,Drama,Fantasy",LOW
2827,27380,14710,10460,Comedy,MEDIUM
3324,4712,2930,3361,"Comedy,Fantasy",LOW
5427,1575,936,960,"Fantasy,Supernatural",LOW
3723,2504,2962,1634,"Comedy,Shounen,Supernatural",LOW
2062,5282,3369,3069,Comedy,LOW
4964,4783,4849,5820,Comedy,LOW
3542,8006,9166,8880,Comedy,MEDIUM
714,6508,7969,4762,"Comedy,School",MEDIUM
729,10698,13357,11328,"Action,Adventure,Comedy,Fantasy",MEDIUM
3703,6601,8367,9777,"Comedy,Sci-Fi",LOW
5447,3551,3282,4243,"Adventure,Drama,Fantasy",LOW
2860,2497,2816,2832,School,LOW
4775,1480,1324,1622,"Comedy,Sci-Fi,Shounen",LOW
2090,4645,3847,2690,Comedy,LOW
2831,13119,11857,7934,Comedy,MEDIUM
3042,12227,12449,11060,"Comedy,Fantasy,Sci-Fi",MEDIUM
3221,23140,25537,29856,"Comedy,Romance,Sci-Fi",MEDIUM
2793,3526,2707,2788,"Drama,Romance,School",LOW
6127,272,326,337,"Adventure,Comedy",LOW
6000,4128,3821,2304,"Drama,Romance,School",LOW
5136,3417,4325,4371,"Fantasy,Shounen",LOW
2615,10284,10237,10418,"Comedy,Fantasy,Supernatural",MEDIUM
7264,1138,1090,1033,Comedy,LOW
630,51924,30097,26493,"Adventure,Fantasy,Sci-Fi,Shounen",MEDIUM
4936,1892,1264,1312,"Adventure,Comedy,Sci-Fi,Shounen",LOW
1756,13039,11524,7797,"Action,Drama,Shounen",MEDIUM
2715,8973,9633,8910,Comedy,LOW
3048,1609,1366,1605,Comedy,LOW
843,9730,11905,10668,"Action,Adventure,Fantasy",MEDIUM
1932,43551,22933,12968,"Action,Supernatural",MEDIUM
2458,19161,22026,18774,"Comedy,Supernatural",MEDIUM
2672,4368,2529,3088,Comedy,LOW
4325,4211,2549,2456,"Comedy,Romance",LOW
3506,17693,21099,11117,"Adventure,Comedy,Fantasy",MEDIUM
5605,1345,1590,1421,"Adventure,Drama,Shounen",LOW
1368,4204,2245,1253,"Action,Adventure,Comedy,Shounen",LOW
1668,47565,27265,21411,"Drama,Romance,School,Sci-Fi",MEDIUM
2380,9826,6505,8132,"Action,Adventure,Drama,Fantasy",MEDIUM
5248,2060,2427,1975,"Drama,Romance",LOW
1046,5198,4206,2757,"Adventure,Fantasy,Shounen,Supernatural",LOW
2639,1297,1222,903,Drama,LOW
3768,8206,5507,4740,Comedy,LOW
4454,3251,3476,1839,"Action,Adventure,Comedy,Shounen",LOW
1736,1921,1473,958,Adventure,LOW
3049,2041,1379,1682,Comedy,LOW
3099,13829,7602,4341,Comedy,MEDIUM
2823,15586,16233,13363,Comedy,MEDIUM
6465,898,596,655,Comedy,LOW
2496,7756,6700,8258,"Drama,Romance,Sci-Fi",LOW
1858,10141,9457,6606,"Action,Comedy,Fantasy",MEDIUM
4733,2259,2670,3297,"Adventure,Comedy,Fantasy,Shounen,Supernatural",LOW
2743,3670,4221,2629,Comedy,LOW
3050,963,897,644,Comedy,LOW
4259,7087,9155,6642,"Comedy,Fantasy,Supernatural",LOW
2482,25332,17245,21163,"Drama,Fantasy,Sci-Fi,Supernatural",MEDIUM
3392,8472,5644,4422,Comedy,LOW
1942,11867,11094,8967,"Action,Fantasy,Sci-Fi",LOW
4652,3164,3535,4203,"Adventure,Drama,Fantasy,Shounen",LOW
6764,432,228,172,Fantasy,LOW
6329,485,272,203,Drama,LOW
1811,3830,4849,3045,Sci-Fi,LOW
3136,6331,3889,4333,Comedy,LOW
6959,1942,990,1108,"Drama,Romance,Shounen",LOW
6653,993,647,787,"Action,Adventure,Comedy,Shounen",LOW
4509,2430,1693,1184,"Action,Adventure,Sci-Fi",LOW
4694,3502,1871,1391,"Comedy,School",LOW
1154,26852,16899,20982,Comedy,MEDIUM
3045,1973,1335,1123,Comedy,LOW
6140,1927,1267,935,"Adventure,Sci-Fi",LOW
7024,1228,1285,865,"Comedy,Fantasy",LOW
4288,3654,2631,2976,"Adventure,Drama,Fantasy",LOW
6086,1875,2025,2578,"Adventure,Drama",LOW
5458,1108,1347,1066,Fantasy,LOW
4217,10119,8139,8272,"Comedy,Romance,School,Shounen",LOW
5942,3609,1949,2365,"Comedy,Romance",LOW
4401,6671,6643,6668,"Adventure,Fantasy",LOW
3244,3280,2008,2062,"Comedy,Romance,School,Supernatural",LOW
5137,19677,21278,21396,Comedy,MEDIUM
793,28032,21923,11835,"Comedy,Romance",MEDIUM
4874,726,845,626,"Action,Comedy,Sci-Fi,Shounen",LOW
2586,4327,4934,6230,"Action,Adventure,Comedy,Fantasy,Sci-Fi,Supernatural",LOW
2751,19326,22734,16030,Comedy,MEDIUM
3254,1990,1126,874,"Action,Adventure,Sci-Fi",LOW
4292,2928,1772,1521,"Action,Adventure,Drama,Sci-Fi",LOW
2933,9590,6301,3158,"Action,Adventure,Sci-Fi",LOW
1727,14168,14410,9826,"Action,Comedy,Fantasy,Supernatural",MEDIUM
1532,66868,44736,27739,"Action,Comedy,Fantasy,Romance,School,Shounen",MEDIUM
3363,9347,8618,6952,"Comedy,Romance,School",LOW
2779,2017,2448,1606,"Comedy,School,Shounen",LOW
4726,2853,3701,2387,Comedy,LOW
1715,3437,4195,4234,Romance,LOW
5201,1823,1724,1870,"Action,Drama,Fantasy,Romance",LOW
5937,1477,965,641,"Comedy,School,Shounen",LOW
6967,1387,1240,1611,"Adventure,Sci-Fi",LOW
2958,7747,7597,5055,"Comedy,Fantasy,School",LOW
5505,1190,1361,820,Comedy,LOW
4178,3210,3281,2903,"Adventure,Drama,Fantasy,Shounen",LOW
5254,2804,3587,4114,Comedy,LOW
3092,967,590,334,Adventure,LOW
3095,6667,4029,4092,"Adventure,Comedy,Fantasy,Supernatural",LOW
4596,5725,6224,3855,"Comedy,Romance",LOW
5670,3689,2313,1357,Comedy,LOW
1963,55635,71207,89067,"Comedy,Romance,Supernatural",MEDIUM
6481,1441,1689,975,"Comedy,School",LOW
4321,1486,1839,1283,"Adventure,Fantasy,Romance",LOW
1781,4889,3221,2625,"Adventure,Fantasy",LOW
4878,406,446,477,"Comedy,Drama",LOW
4389,8003,8173,8343,"Comedy,Drama,Sci-Fi",LOW
2666,596,414,538,"Comedy,Sci-Fi,Shounen",LOW
4942,9115,11127,7234,"Sci-Fi,Shounen",LOW
6330,285,150,113,Drama,LOW
4473,11531,13974,17819,"Action,Adventure,Comedy,Drama,Shounen",LOW
3740,17136,18671,11150,"Comedy,Romance,Shounen",MEDIUM
6422,1352,1127,861,"Adventure,Comedy",LOW
6520,836,869,457,"Action,Shounen",LOW
6747,1326,706,574,"Comedy,Romance,Sci-Fi",LOW
7222,1419,1649,958,"Comedy,Sci-Fi,Shounen",LOW
2554,7937,6714,4654,"Action,Adventure,Comedy,Fantasy,Shounen",LOW
2646,916,541,344,"Comedy,Sci-Fi,Shounen",LOW
2611,686,695,666,"Comedy,Sci-Fi,Shounen",LOW
1178,1062,815,420,"Action,Adventure,Comedy,Shounen",LOW
2243,1496,1731,2201,Comedy,LOW
5013,3235,3468,3446,Comedy,LOW
4965,5611,3970,4405,"Fantasy,School",LOW
1755,7043,6958,4680,"Action,Drama,Shounen",LOW
5068,2304,2417,2945,"Action,Fantasy",LOW
2817,7322,9029,11253,"Action,Fantasy,Supernatural",LOW
1325,6327,6511,4358,"Drama,Romance,Sci-Fi",LOW
2761,4982,3323,3577,"Comedy,Fantasy,Supernatural",LOW
4203,13921,14153,8334,"Drama,Romance,Supernatural",LOW
4418,2484,2770,2398,"Comedy,Fantasy,Supernatural",LOW
5607,4905,3750,3292,"Action,Drama,Fantasy,Romance,Sci-Fi",LOW
5180,932,629,329,"Sci-Fi,Shounen",LOW
3046,1685,1627,1093,Comedy,LOW
3912,11544,13247,12232,"Comedy,Romance,Sci-Fi",LOW
7249,421,287,261,"Adventure,Comedy,Fantasy,Shounen",LOW
3252,5295,3811,3739,"Action,Fantasy,Sci-Fi",LOW
6454,1134,1094,972,Comedy,LOW
4934,8052,8731,8333,"Adventure,Sci-Fi",LOW
6312,678,407,401,"Sci-Fi,Shounen",LOW
3253,2341,2994,3634,Adventure,LOW
3485,831,884,773,"Action,Adventure,Fantasy,Sci-Fi",LOW
2396,71545,89503,80271,"Action,Comedy,Romance,School,Supernatural",MEDIUM
2140,9024,10103,12775,"Adventure,Fantasy,Sci-Fi,Shounen",LOW
5592,2747,2529,1374,"Comedy,Romance,Sci-Fi,Shounen",LOW
6401,1957,2067,2281,"Drama,Fantasy",LOW
1741,38819,30282,31082,"Adventure,Fantasy,Shounen",MEDIUM
3546,9743,6407,4287,"Action,Sci-Fi",LOW
2478,12988,13318,7271,"Comedy,Drama",LOW
2488,6690,4221,2488,"Comedy,Drama",LOW
5282,6596,6371,7729,"Action,Adventure,School,Sci-Fi",LOW
2110,11963,7759,6106,"Action,Adventure,Comedy,Fantasy,Shounen",LOW
2884,2209,2050,2241,Action,LOW
424,69526,60821,51163,"Comedy,Supernatural",MEDIUM
2300,21340,23201,25236,Comedy,LOW
3509,9248,5049,5985,"Adventure,Sci-Fi",LOW
2592,2237,1299,1450,Comedy,LOW
7239,552,575,661,Drama,LOW
5199,6303,6247,4672,"Action,Comedy",LOW
3195,20550,25688,18264,Action,LOW
7017,1279,1017,771,"Action,Adventure,Sci-Fi",LOW
5367,5082,3811,2490,"Comedy,School,Shounen,Supernatural",LOW
5815,1572,1015,713,Adventure,LOW
2483,9285,11765,12477,"Action,Drama,Shounen",LOW
3548,6578,4815,2851,Comedy,LOW
923,8232,5945,3305,Romance,LOW
2775,4158,2875,1657,"Action,Sci-Fi",LOW
3925,4106,3886,3887,"Action,Adventure,Fantasy,Romance,Sci-Fi",LOW
5417,892,767,536,"Action,Supernatural",LOW
5454,7177,8576,8894,"Comedy,Supernatural",LOW
2085,10776,5760,3118,"Adventure,Fantasy,Sci-Fi,Shounen",LOW
7018,1009,927,859,"Action,Comedy,Sci-Fi",LOW
4949,3753,2468,1789,"Action,Comedy,Fantasy",LOW
2033,23968,22958,27406,"Comedy,Romance,School",MEDIUM
2820,19389,16934,21600,Comedy,LOW
301,14515,12747,8741,Comedy,LOW
5311,3230,2605,2769,Comedy,LOW
4295,1551,1895,2061,"Adventure,Comedy,Fantasy",LOW
4191,3956,2869,3216,"Comedy,Fantasy,Romance,School",LOW
2921,8541,9017,10889,"Adventure,Fantasy",LOW
3303,3424,2594,2849,Action,LOW
2071,4807,5824,4206,"Action,Drama,Sci-Fi,Shounen",LOW
5584,5241,4243,2963,Comedy,LOW
5786,625,743,460,Comedy,LOW
6621,818,1064,1020,Adventure,LOW
1725,18358,10119,12332,Comedy,LOW
2083,23216,16075,9520,Comedy,LOW
1357,3500,3565,4391,"Action,Comedy,Shounen",LOW
5947,3462,3886,2748,"Adventure,Drama,Fantasy,Romance",LOW
6442,1175,1137,722,Adventure,LOW
6433,904,788,932,"Comedy,Drama,Romance",LOW
6763,479,542,347,Fantasy,LOW
676,11347,6931,6801,"Drama,Romance",LOW
5057,985,704,526,Comedy,LOW
5340,2667,2031,1402,"Action,Drama,Fantasy",LOW
2696,1087,923,580,Shounen,LOW
7366,497,514,651,Comedy,LOW
2148,7550,4049,2996,"Comedy,School,Supernatural",LOW
7203,1041,1123,1196,"Adventure,Comedy,Fantasy",LOW
7202,1035,1027,546,"Adventure,Comedy,Fantasy",LOW
3802,4545,2434,2891,Comedy,LOW
2609,1603,898,670,"Action,Comedy,Shounen,Supernatural",LOW
4943,5171,6575,8452,Sci-Fi,LOW
6432,1343,677,411,"Comedy,Drama,Romance",LOW
3364,3931,1985,1732,"Action,Comedy,School,Sci-Fi",LOW
7293,3838,4211,3333,"Adventure,Fantasy",LOW
2785,3965,4763,3990,"Comedy,Fantasy,Supernatural",LOW
1744,1763,1309,1314,"Adventure,Comedy,Fantasy",LOW
3636,8906,10366,6234,"Adventure,Shounen",LOW
3123,22662,14079,13531,"Action,Adventure,Comedy,Drama",MEDIUM
4841,5208,6641,3348,"Comedy,School",LOW
5792,393,364,311,School,LOW
2911,19502,10996,10595,"Comedy,Sci-Fi",LOW
1717,14410,13437,16035,"Action,Fantasy",LOW
4633,2265,1451,1360,Fantasy,LOW
5434,1979,2138,1204,"Action,Adventure,Sci-Fi",LOW
2748,22684,18716,23272,"Action,Adventure,Fantasy,Shounen",LOW
6003,1865,1551,1390,"Adventure,Drama,Fantasy",LOW
5092,1876,982,885,Action,LOW
3696,7275,6190,3234,"Comedy,Romance",LOW
5118,459,427,391,Comedy,LOW
6323,573,486,493,"Adventure,Fantasy",LOW
5302,2426,2686,3045,Fantasy,LOW
7324,832,520,534,Comedy,LOW
4508,3551,2549,2273,"Comedy,Sci-Fi",LOW
5356,189,112,105,Fantasy,LOW
3919,2325,2149,2462,"Drama,Romance,Supernatural",LOW
6781,574,309,261,Adventure,LOW
3002,8213,7997,8370,"Comedy,Shounen",LOW
4972,4876,4156,4250,Comedy,LOW
2302,3300,3409,3014,"Drama,Romance",LOW
2636,575,381,231,"Comedy,Sci-Fi,Shounen",LOW
5972,4830,2886,1957,"Comedy,Romance",LOW
879,4621,3162,1959,"Action,Adventure,Sci-Fi",LOW
5290,561,616,400,"Adventure,Comedy,Fantasy",LOW
2845,26062,13780,8254,Action,MEDIUM
6324,300,185,155,Adventure,LOW
4894,5473,3040,2749,"Adventure,Fantasy",LOW
2102,22718,24034,26189,"Adventure,Comedy,Fantasy,Supernatural",MEDIUM
7340,1432,774,974,Adventure,LOW
6085,1479,1645,956,"Action,Romance,Sci-Fi",LOW
6377,731,899,1115,"Action,Adventure,Romance,Sci-Fi,Shounen",LOW
7385,2248,1427,755,"Action,Adventure",LOW
6385,240,237,256,Comedy,LOW
36,47587,36474,33574,"Adventure,Comedy,Shounen",MEDIUM
5253,2059,1537,1472,Comedy,LOW
1773,20883,26796,23244,"Drama,Romance,Supernatural",LOW
2489,2669,3277,2139,"Comedy,Drama",LOW
2637,553,596,371,"Comedy,Sci-Fi,Shounen",LOW
6629,694,704,667,"Action,Adventure,Sci-Fi,Shounen",LOW
3523,5305,6477,5695,"Action,Adventure,Sci-Fi",LOW
5285,665,691,761,Adventure,LOW
4890,760,766,678,"Adventure,Comedy,Supernatural",LOW
6027,252,307,352,Adventure,LOW
2604,2914,2214,2014,"Action,Sci-Fi",LOW
1632,15827,12205,10097,"Action,Drama,Sci-Fi",LOW
2851,6946,8770,7404,Comedy,LOW
5238,3263,2900,2696,"Action,Adventure,Comedy",LOW
4467,1425,892,768,"Comedy,Romance",LOW
4656,3869,3516,2477,"Action,Sci-Fi",LOW
3427,2599,3227,2864,"Drama,Romance,School",LOW
4734,3359,1909,1701,"Comedy,Fantasy",LOW
2829,1967,1519,830,"Comedy,Fantasy,School",LOW
6801,1769,888,1069,"Adventure,Comedy,Supernatural",LOW
4528,2194,2590,1670,"Adventure,Sci-Fi,Supernatural",LOW
6724,341,219,233,"Action,Adventure,Comedy,Sci-Fi",LOW
2799,612,427,483,Comedy,LOW
5169,2738,1573,1738,"School,Sci-Fi",LOW
1179,920,758,576,"Action,Adventure,Comedy,Shounen",LOW
2981,37885,37654,39589,Fantasy,MEDIUM
1277,53822,54663,50555,Sci-Fi,MEDIUM
5419,513,262,306,Comedy,LOW
1610,39413,48040,44145,"Action,Adventure,Sci-Fi",MEDIUM
2847,5367,4569,3286,"Action,Comedy",LOW
6194,1638,1142,607,Drama,LOW
3266,704,855,1047,Adventure,LOW
7199,647,838,864,Comedy,LOW
7252,867,1123,742,"Adventure,Comedy,Fantasy",LOW
1649,13647,15001,15582,Sci-Fi,LOW
6833,1249,1439,1749,Comedy,LOW
6863,1636,1444,1660,"Adventure,Comedy,Shounen,Supernatural",LOW
6142,3287,2547,2287,"Comedy,Fantasy",LOW
4695,1623,1724,2027,Comedy,LOW
6177,1085,1106,828,"Drama,Sci-Fi",LOW
3950,9102,6005,5792,"Comedy,Drama,Romance,School",LOW
2577,1272,1631,1370,Comedy,LOW
2651,557,323,340,"Comedy,Sci-Fi,Shounen",LOW
6218,1994,2454,1510,"Adventure,Comedy,Shounen",LOW
7026,635,410,282,"Action,Adventure,Comedy,Fantasy",LOW
1562,4707,6051,5168,Fantasy,LOW
2878,2190,2562,1965,"Comedy,Fantasy,Supernatural",LOW
3647,4498,2679,2315,"Action,Adventure,Shounen",LOW
3280,2855,2051,1478,Fantasy,LOW
2938,8565,10853,6367,"Romance,School",LOW
2667,537,581,337,"Comedy,Sci-Fi,Shounen",LOW
4978,1879,1482,1570,"Action,Sci-Fi,Shounen",LOW
3690,8497,5147,3266,"Adventure,Drama,Shounen",LOW
6357,992,1232,1426,"Adventure,Comedy,Fantasy",LOW
5080,2830,1996,2245,Adventure,LOW
6396,1286,1110,991,"Adventure,Comedy",LOW
4511,1099,1391,1624,"Action,Adventure,Sci-Fi",LOW
4330,465,386,346,"Comedy,Fantasy,School,Shounen,Supernatural",LOW
2647,557,595,595,"Comedy,Sci-Fi,Shounen",LOW
3211,1209,1484,1492,Comedy,LOW
6591,499,617,770,"Adventure,Comedy",LOW
2003,50012,37583,19175,Comedy,MEDIUM
7185,1065,1106,674,Comedy,LOW
5699,1087,1134,1223,Comedy,LOW
998,3380,1847,1895,Comedy,LOW
6397,3708,2165,1872,"Comedy,Romance",LOW
2822,5010,2740,1815,"Comedy,School,Shounen",LOW
5969,1139,1320,1217,Fantasy,LOW
2621,450,423,395,"Action,Comedy,Supernatural",LOW
3878,2750,3391,3601,"Drama,Romance",LOW
3879,2321,2234,2786,"Drama,Romance",LOW
2997,60452,74831,56843,School,MEDIUM
5373,1439,1019,1143,"Comedy,Sci-Fi",LOW
2584,747,905,587,Adventure,LOW
5449,5005,3820,1988,"School,Supernatural",LOW
7232,739,440,281,"Comedy,Romance,Sci-Fi",LOW
2668,506,284,228,"Comedy,Sci-Fi,Shounen",LOW
2079,36560,36421,27012,Comedy,MEDIUM
6841,287,271,327,"Action,Adventure,Fantasy,Shounen",LOW
2859,2196,2466,2712,Comedy,LOW
5097,7194,6137,3710,School,LOW
1088,54096,32915,18078,Comedy,MEDIUM
5368,2379,2789,3364,"Adventure,Sci-Fi",LOW
6875,400,266,281,"Action,Romance,School,Sci-Fi",LOW
6266,1599,1313,1135,Comedy,LOW
4524,1335,1292,1353,"Comedy,Romance,School",LOW
2228,10005,9005,4531,Comedy,LOW
6264,1093,1371,1086,"Comedy,School",LOW
3346,3731,4469,3908,"Adventure,Drama,Fantasy,Supernatural",LOW
6511,172,170,105,Adventure,LOW
5001,3229,2290,1659,"Fantasy,Shounen",LOW
2514,9021,10292,7268,"Comedy,Romance,School",LOW
6071,4893,5761,4421,"Action,Adventure,Fantasy",LOW
3108,2258,2418,1302,Drama,LOW
6203,649,580,304,"Comedy,Fantasy,Sci-Fi",LOW
5698,1229,1219,926,Comedy,LOW
2152,26190,13240,6950,"Comedy,Sci-Fi",LOW
6990,1771,1684,928,"Action,Drama,Sci-Fi",LOW
5076,3104,2132,1770,"Drama,School",LOW
5739,2027,2353,2609,"Comedy,Drama",LOW
7019,585,393,357,"Action,Comedy,Sci-Fi",LOW
6280,3818,4328,2421,Comedy,LOW
1171,2827,2305,1874,"Action,Adventure,Comedy,Shounen",LOW
942,2708,3327,2609,Sci-Fi,LOW
6196,1415,1502,1201,"Comedy,School,Supernatural",LOW
1576,3377,2773,2032,Comedy,LOW
3911,5782,5194,5631,"Drama,Romance",LOW
5785,713,892,948,"Comedy,Shounen",LOW
1776,2552,2629,2014,"Action,Adventure,Fantasy,Supernatural",LOW
4216,969,1140,1431,Drama,LOW
4445,7751,4225,2757,"Comedy,Romance,Supernatural",LOW
2625,2793,1495,1204,Comedy,LOW
7012,1052,650,671,"Action,Fantasy,Sci-Fi",LOW
4974,1217,998,1055,"Adventure,Sci-Fi",LOW
7355,403,475,333,"Drama,Romance",LOW
4852,2208,1361,685,Comedy,LOW
3279,2790,2730,1844,"Fantasy,Sci-Fi,Supernatural",LOW
1875,14281,17481,20028,"Drama,School,Sci-Fi,Supernatural",LOW
6045,1661,1905,2102,Drama,LOW
6348,386,248,282,"Comedy,School,Shounen",LOW
3884,2043,2636,3150,"Drama,Romance,School,Supernatural",LOW
4860,2253,2293,2386,"Adventure,Comedy,Fantasy",LOW
6548,1305,1020,1268,Sci-Fi,LOW
4523,1491,953,839,"Action,Comedy,School,Shounen,Supernatural",LOW
1135,9456,7185,7585,Adventure,LOW
2669,513,411,265,"Comedy,Sci-Fi,Shounen",LOW
6750,373,289,314,Comedy,LOW
3920,2068,1271,692,"Drama,Romance",LOW
4069,1710,1180,1454,"Drama,Romance",LOW
3645,5106,3950,5105,"Action,Adventure,Shounen",LOW
4490,1735,923,872,"Adventure,Comedy,Sci-Fi",LOW
2598,1501,1525,1167,"Action,Comedy",LOW
2684,17934,9678,7456,"Comedy,Sci-Fi",LOW
4457,4503,4692,3515,Comedy,LOW
4355,11582,7585,7812,"Adventure,Comedy,Fantasy,Romance,Shounen",LOW
2477,4543,5100,2567,"Adventure,Romance",LOW
4997,6805,6493,4553,Comedy,LOW
3814,15313,19815,20168,"Comedy,Sci-Fi,Shounen",LOW
7278,399,484,481,"Comedy,Drama,Romance",LOW
4973,1140,1353,1328,"Adventure,Sci-Fi",LOW
7170,633,781,854,Action,LOW
5923,1311,814,694,"Action,Fantasy",LOW
6907,1048,704,706,"Action,Adventure,Drama,Sci-Fi",LOW
2142,25652,30319,33476,"Action,Adventure,Fantasy,Sci-Fi,Shounen",LOW
5396,2707,1649,1242,Drama,LOW
2993,12141,13772,16488,Comedy,LOW
6978,259,189,177,"Comedy,School",LOW
6217,2697,1495,1415,"Adventure,Comedy,Shounen",LOW
4244,5070,4297,2508,"Adventure,Drama,Fantasy",LOW
4990,3291,2309,1309,Comedy,LOW
6846,350,360,395,"Adventure,Comedy,Fantasy",LOW
7362,453,587,314,"Fantasy,Romance",LOW
951,52965,43751,47760,"Action,Fantasy",MEDIUM
5620,1079,809,950,"Action,Adventure,Comedy,Fantasy,Romance",LOW
945,2317,1350,1639,Fantasy,LOW
4848,5430,5829,5679,Drama,LOW
6479,1385,1137,1070,"Comedy,Fantasy",LOW
5114,685,878,1117,"Action,Adventure,Sci-Fi",LOW
2711,8434,9445,7819,"Comedy,Sci-Fi",LOW
4407,6996,7791,4420,Comedy,LOW
6828,357,464,470,Fantasy,LOW
5655,3700,2557,3101,"Drama,School",LOW
3267,5479,3396,3644,"Comedy,Sci-Fi",LOW
1589,6341,5293,4448,"Action,Fantasy",LOW
7354,301,390,452,"Adventure,Drama,Fantasy",LOW
4238,10325,11859,14690,"Action,Adventure,Comedy,Fantasy",LOW
6139,824,856,878,Action,LOW
4698,1175,1145,999,Comedy,LOW
5322,1441,1309,846,Drama,LOW
4521,1557,1314,1465,"Comedy,School",LOW
3667,2279,1471,1624,Comedy,LOW
4380,11974,10852,12968,"Action,Sci-Fi",LOW
6067,1379,1722,1184,"Action,Sci-Fi",LOW
6492,1131,647,778,"Fantasy,Supernatural",LOW
616,21104,17580,17169,"Drama,Romance,School",LOW
6066,312,188,193,Action,LOW
4532,1734,1469,963,"Drama,Romance,School",LOW
5604,3409,2935,3764,Romance,LOW
5139,6806,7180,8309,Fantasy,LOW
1435,47587,25671,25992,"Action,Sci-Fi",LOW
2445,48314,49836,25042,"Action,Fantasy",MEDIUM
6804,320,317,373,"Action,Fantasy",LOW
5764,786,540,371,Drama,LOW
5305,1521,1116,1004,"Comedy,Fantasy,Sci-Fi",LOW
2622,366,198,255,"Action,Comedy",LOW
4548,1220,1336,803,"Comedy,Fantasy",LOW
3886,3896,3775,2616,"Drama,Romance,Sci-Fi",LOW
2487,8291,9365,6364,"Comedy,Romance,School",LOW
5249,893,1070,952,"Action,Comedy,School",LOW
6440,1867,2072,2291,Fantasy,LOW
2168,27273,14080,10871,"Action,Fantasy",LOW
6824,527,631,616,"Adventure,Sci-Fi",LOW
6886,1449,1284,944,"Adventure,Drama,Fantasy,Shounen",LOW
4876,534,512,429,"Comedy,Fantasy",LOW
7351,528,324,318,"Adventure,Comedy",LOW
2742,6718,7137,5674,Comedy,LOW
2898,2666,2130,2300,"Action,Sci-Fi",LOW
1850,6580,4311,3761,Sci-Fi,LOW
6829,797,792,503,Drama,LOW
5403,1906,1868,1563,Drama,LOW
6189,839,977,1028,"Comedy,Romance,School,Shounen",LOW
3793,5907,3250,4022,"Comedy,Supernatural",LOW
2256,2077,1190,1034,"Comedy,Sci-Fi",LOW
6118,1016,716,697,Comedy,LOW
6541,1226,784,970,"Comedy,Supernatural",LOW
2832,4260,4014,2389,Drama,LOW
1597,11556,11431,7774,"Action,Sci-Fi",LOW
5701,504,582,440,Shounen,LOW
2839,2983,3733,3460,"Comedy,Supernatural",LOW
709,32917,23634,27901,"Comedy,Romance,School",LOW
6835,2434,1681,1560,"Drama,Romance,Sci-Fi",LOW
1354,1583,1838,1731,"Fantasy,School",LOW
6584,1292,1005,1054,Drama,LOW
6898,1074,877,1010,"Action,Adventure,Sci-Fi",LOW
3883,7778,5814,4755,"Drama,Romance,School,Supernatural",LOW
1892,6419,7507,9428,"Drama,Romance",LOW
5742,1402,867,822,"Drama,Romance",LOW
5270,1572,1095,1379,Fantasy,LOW
6052,2852,1970,1830,"Comedy,Romance,School",LOW
4704,3612,3906,3003,"Comedy,Supernatural",LOW
5212,945,932,807,"Comedy,Fantasy",LOW
2745,12967,8498,9421,Comedy,LOW
2399,6392,6716,3799,Comedy,LOW
4468,1804,1583,1511,"Comedy,Romance",LOW
6307,977,716,477,Adventure,LOW
6415,3514,2838,1747,Romance,LOW
6267,1129,1162,1478,Fantasy,LOW
7306,2769,2780,1675,"Adventure,Comedy,Fantasy",LOW
6663,4391,3143,2352,"Comedy,Romance,School",LOW
4227,1266,766,397,Comedy,LOW
2670,576,748,427,"Comedy,Sci-Fi,Shounen",LOW
6637,6401,5555,6739,"Comedy,Fantasy,Supernatural",LOW
4941,3784,2852,1552,"Action,Sci-Fi",LOW
7287,307,327,259,"Adventure,Comedy,Fantasy",LOW
1708,1348,1085,1085,"Action,Sci-Fi",LOW
6304,547,650,578,Comedy,LOW
7039,940,1199,924,"Adventure,Fantasy",LOW
5397,1705,1479,829,Drama,LOW
3818,3308,3797,4319,Comedy,LOW
6592,755,812,1027,"Action,Comedy",LOW
6540,265,150,153,"Adventure,Comedy,Supernatural",LOW
5335,1693,990,1193,Fantasy,LOW
3877,4488,5804,3704,"Drama,Romance",LOW
5081,1541,1714,1301,"Action,Adventure,Fantasy",LOW
4282,6689,6317,4159,"Adventure,Comedy,Fantasy,Shounen",LOW
5954,2129,1117,1344,"Action,Adventure,Comedy,Sci-Fi",LOW
5926,1218,1027,601,"Action,Adventure,Sci-Fi",LOW
7169,1292,873,846,Fantasy,LOW
1981,42129,45298,58699,"Comedy,School",LOW
2063,12286,12953,10654,"Adventure,Fantasy,Sci-Fi,Shounen",LOW
3426,2606,2848,2726,"Action,Comedy,School,Sci-Fi",LOW
6115,1482,1603,1019,"Adventure,Sci-Fi",LOW
2776,9641,11803,12340,"Comedy,School",LOW
7128,1025,765,501,"Fantasy,Romance",LOW
5752,543,391,340,Fantasy,LOW
4772,2792,3259,1818,"Action,Fantasy,Supernatural",LOW
4493,7674,5683,6109,"Romance,Sci-Fi",LOW
5760,1018,775,873,Drama,LOW
6101,2297,1730,1416,Comedy,LOW
5349,556,305,361,Comedy,LOW
2736,4985,5414,4262,Comedy,LOW
6864,1651,1900,2251,"Adventure,Comedy,Shounen,Supernatural",LOW
5996,697,666,695,"Adventure,Drama,Sci-Fi",LOW
6523,1181,670,372,"Drama,Romance",LOW
1740,12917,8646,11219,Comedy,LOW
3750,1821,1326,925,Action,LOW
5450,2505,1867,2079,Comedy,LOW
3813,5167,3858,2671,Comedy,LOW
3487,427,468,500,"Action,Fantasy",LOW
6743,1007,1008,1123,"Adventure,Comedy,Sci-Fi",LOW
7112,688,471,575,"Adventure,Fantasy,Sci-Fi",LOW
3544,9485,8220,8723,Comedy,LOW
5336,678,542,595,Comedy,LOW
6735,843,710,483,Adventure,LOW
5583,1187,778,744,Comedy,LOW
6050,2659,1989,1492,Fantasy,LOW
5140,5505,4264,5056,Comedy,LOW
7094,917,637,673,"Drama,Romance",LOW
4257,2443,2273,1190,"Adventure,Fantasy,Sci-Fi",LOW
1165,13012,11188,11722,"Action,Adventure,Comedy,Shounen",LOW
6447,547,371,339,Adventure,LOW
5303,2513,2293,2539,"Comedy,Fantasy,School",LOW
6439,894,488,406,"Action,Adventure,Fantasy,Sci-Fi",LOW
6614,787,900,500,"Adventure,Fantasy",LOW
7283,1484,873,1111,Comedy,LOW
6550,1081,801,833,"Fantasy,Sci-Fi",LOW
2036,2145,1965,1958,Comedy,LOW
7210,636,663,424,"Adventure,Sci-Fi,Shounen",LOW
3376,8697,5780,3791,"Action,Sci-Fi",LOW
6539,472,393,349,"Action,Adventure,Comedy,Fantasy",LOW
1450,83271,86267,84767,"Action,Fantasy,Sci-Fi",MEDIUM
6445,1410,1489,1233,Sci-Fi,LOW
4489,991,652,658,"Action,Adventure,Fantasy",LOW
6630,602,304,261,"Action,Fantasy",LOW
1436,62257,42282,53896,"Action,Fantasy,Supernatural",MEDIUM
1804,2433,2293,1365,"Adventure,Fantasy",LOW
7000,931,773,987,Action,LOW
4397,1199,1055,1316,"Comedy,Fantasy",LOW
7291,273,272,266,Comedy,LOW
6254,1166,1018,611,"Adventure,Comedy,Shounen",LOW
5247,720,846,503,"Comedy,Romance,Sci-Fi",LOW
7332,590,446,435,Sci-Fi,LOW
6238,748,775,389,Action,LOW
894,2295,2058,1476,Fantasy,LOW
3796,2738,2886,3245,Comedy,LOW
2864,2961,2532,3087,Fantasy,LOW
5924,1194,1354,1052,"Action,Adventure,Sci-Fi",LOW
6090,965,880,1064,"Adventure,Fantasy,Sci-Fi",LOW
6078,1859,1630,1830,"Comedy,Romance",LOW
7183,605,537,404,Action,LOW
6054,3584,2396,1586,"Comedy,School,Shounen,Supernatural",LOW
2128,49394,30204,25382,"Adventure,Fantasy",MEDIUM
6714,803,738,415,Comedy,LOW
3265,1805,1447,1084,Sci-Fi,LOW
3500,38223,46710,33739,"Adventure,Fantasy",LOW
5970,424,385,260,Action,LOW
6480,6204,3795,4254,Comedy,LOW
2812,3265,2458,3056,Comedy,LOW
7162,301,281,149,Fantasy,LOW
6073,1771,1616,919,Supernatural,LOW
6790,2029,1562,1806,"Adventure,Comedy,Shounen",LOW
943,2246,2758,3415,Fantasy,LOW
1677,31827,17399,15057,Fantasy,LOW
7023,1628,1589,1146,"Action,Adventure,Comedy,School,Supernatural",LOW
6034,563,524,439,Sci-Fi,LOW
7001,1207,884,1081,"Adventure,Comedy,Fantasy,Sci-Fi,Shounen",LOW
1646,4953,2718,3164,"Comedy,Sci-Fi",LOW
6738,394,462,415,"Comedy,School",LOW
2735,339,213,167,"Adventure,Comedy,Fantasy,Shounen",LOW
6061,763,880,925,Fantasy,LOW
6441,1979,2429,1662,Fantasy,LOW
6483,1268,1049,653,"Drama,School",LOW
6929,772,511,510,"Action,Sci-Fi,Shounen,Supernatural",LOW
2065,3132,2096,2461,"Adventure,Drama,Fantasy",LOW
6798,747,899,1111,"Action,Fantasy",LOW
6862,1001,871,784,"Action,Adventure,Shounen,Supernatural",LOW
5943,5615,6067,7485,Comedy,LOW
4805,3367,2596,1445,"Action,Adventure,Fantasy",LOW
4230,2000,1459,1112,"Action,Comedy,Shounen",LOW
6508,443,368,327,Comedy,LOW
7167,1038,967,771,Drama,LOW
4424,8467,9519,6264,"Comedy,School,Shounen",LOW
5077,1701,1027,1280,Fantasy,LOW
4983,6167,5221,6386,"Comedy,School,Sci-Fi",LOW
4225,2039,1978,1760,"Comedy,Fantasy",LOW
7166,2732,2550,2651,Drama,LOW
4648,2781,1942,2329,"Action,Adventure,Fantasy",LOW
5479,705,658,383,Fantasy,LOW
7284,952,938,793,Sci-Fi,LOW
3798,6654,8264,6545,Comedy,LOW
7315,450,268,195,Comedy,LOW
2650,10213,7205,5896,Comedy,LOW
7328,542,296,185,"Comedy,Sci-Fi",LOW
6146,483,352,293,Fantasy,LOW
5674,132,70,47,Action,LOW
6509,321,292,309,Comedy,LOW
6270,737,788,986,Sci-Fi,LOW
3245,19984,11203,6065,"Comedy,School",LOW
6901,1028,780,665,"Comedy,Drama,Romance,Sci-Fi",LOW
7069,594,535,312,"Action,Adventure",LOW
3499,15364,11417,9339,"Comedy,Fantasy,Supernatural",LOW
5617,3655,3714,4024,"Comedy,Drama,Romance,School",LOW
7330,559,725,864,Comedy,LOW
6987,961,677,378,Comedy,LOW
1347,1584,2048,1067,Comedy,LOW
4518,2277,1763,1015,"Drama,Romance",LOW
7275,1034,968,714,Sci-Fi,LOW
3104,1513,1255,1267,Comedy,LOW
4172,5348,4556,2551,"Action,Comedy,Fantasy",LOW
6351,1100,802,746,"Adventure,Supernatural",LOW
3820,2434,1489,1600,"Comedy,Sci-Fi,Shounen",LOW
6753,206,235,181,"Comedy,Drama",LOW
6737,434,450,309,Fantasy,LOW
1835,5308,6485,4295,Action,LOW
5951,674,586,386,"Action,Adventure,Sci-Fi",LOW
5636,410,442,307,Fantasy,LOW
6250,1547,1951,2022,"Action,Fantasy",LOW
4487,1748,1960,2145,"Adventure,Fantasy",LOW
5997,1408,1629,1940,"Action,Adventure,Drama,Sci-Fi",LOW
5762,184,226,252,Comedy,LOW
6830,2285,2554,2153,"Drama,Supernatural",LOW
7187,677,345,365,Fantasy,LOW
2754,1623,1979,1471,"Action,Adventure,Fantasy,Sci-Fi",LOW
5195,1878,1257,1530,"Drama,Romance",LOW
5641,1976,2264,1456,Comedy,LOW
6038,820,730,399,"Comedy,School",LOW
5198,1133,780,820,Comedy,LOW
5337,749,501,308,Comedy,LOW
6544,1552,1044,910,"Adventure,Comedy,Shounen",LOW
5304,1243,1477,1660,"Action,Comedy,School",LOW
5761,132,162,198,Comedy,LOW
5457,1785,1084,1349,Comedy,LOW
6700,322,341,245,"Comedy,Supernatural",LOW
5316,841,483,551,Sci-Fi,LOW
5667,529,334,265,Comedy,LOW
3621,1783,1477,1762,Comedy,LOW
6696,593,444,280,Supernatural,LOW
6708,214,177,94,Fantasy,LOW
5733,852,500,303,Action,LOW
6659,483,474,566,Comedy,LOW
5014,7131,8065,7544,Comedy,LOW
5398,352,424,521,Comedy,LOW
5320,685,645,659,Supernatural,LOW
6463,482,392,383,Comedy,LOW
5747,532,277,321,Action,LOW
6697,438,407,526,Adventure,LOW
4542,1890,1884,1406,"Action,Sci-Fi",LOW
6873,350,216,189,"Action,Fantasy",LOW
5725,7365,6772,3691,Action,LOW
5618,1686,1503,861,Sci-Fi,LOW
5675,916,752,949,Comedy,LOW
6193,5822,5596,5814,Fantasy,LOW
5749,312,307,166,"Comedy,Fantasy",LOW
6709,332,243,277,Romance,LOW
5264,1042,1226,958,"Comedy,Fantasy",LOW
5265,1174,1038,1023,"Comedy,Fantasy",LOW
5487,8126,9424,10173,"Comedy,Romance",LOW
2895,155,91,103,Comedy,LOW
2896,157,80,86,Comedy,LOW
6767,135,130,97,Fantasy,LOW
6766,126,151,110,Fantasy,LOW
6727,120,137,175,Comedy,LOW
5766,91,59,53,Drama,LOW
6633,158,111,70,"Adventure,Fantasy",LOW
5702,163,123,129,Comedy,LOW
5506,369,460,333,Comedy,LOW
2887,2124,2291,1952,Comedy,LOW
6443,251,130,158,Comedy,LOW
6587,178,149,168,Adventure,LOW
6655,104,134,97,Shounen,LOW