Hampir pada setiap video,ia selalu melakukannya didepan bookshelf nya yang terlihat jelas.Awal-awal,hanya ada satu rak buku besar.Tapi lama-lama bukunya semakin banyak dan bertambah lah satu rak lagi.Sungguh! Kontennya sangat bermanfaat,bagi kalian pecandu buku,yuklah mampir ke channel-nya.;1
Tidak hanya video-video yang mengulas permasalah dan topik di dunia, Ferry Irwandi juga mengeluarkan beberapa film pendek yang sangat fenomenal dan bahkan ada yang dibintangi oleh youtuber lain, seperti Fathia Izzati dan Jovial da Lopez. Tidak hanya sampai di situ, Ferry Irwandi juga telah membuat beberapa video tutorial yang mengulas beberapa permasalahan dalam dunia videografi.;1
Layaknya seorang yang sudah lama berkecimpung dalam dunia videografi, video-video karya Ferry Irwandi sangat indah. Video-video karyanya diedit begitu rapi sehingga nikmat untuk disaksikan. Saya kira video-video karya Ferry Irwandi layak jika disaksikan oleh lebih banyak orang.;1
Martin Suryajaya dapat mengambil topik-topik yang menarik tersebut lalu mengubahnya menjadi video yang berisi penjelasan yang jelas. Untuk kualitas dan penjelasan-penjelasanya yang diberikan oleh video-video karya Martin Suryajaya, patut jika lebih banyak orang mengetahui dan menyaksikan videonya.;1
Kalo masalah konten si ga usah diragukan lagi ya, Aulion itu kreatif banget. Dia niat banget kalo bikin konten, setauku dia juga ga pernah tuh bikin konten prank atau apalah kaya orang-orang biar viral. Dia bener2 jadi dirinya sendiri.;1
Agung Hapsah. My fav youtuber. Kalo ngomongin Agung Hapsah mah gausah ditanyain lagi yaa, kontennya keren luar biasa. Ohiya Agung Hapsah biasanya nyembunyiin jumlah subscribernya, baru di video terakhirnya dia nunjukin jumlah subscribernya, yang ternyata waktu itu belum tembus 2 juta, tapi sekarang udah 2 juta lebih. ;1
Dia bener-bener Youtuber yang mementingkan kualitas dibanding kuantitas. Terbukti viewersnya selalu diatas satu juta dan tahun 2020 kemaren dia cuma upload 3 video itupun iklan alias disponsori. Followers di Ignya juga belum tembus satu juta. Coba deh bagi yang belum pernah liat videonya dia, liat yang agen resep rahasia sama dear friend. Itu keren bangett.;1
Fathia Izzati. Temennya Agung Hapsah wkk. Jumlah subscribernya dan followernya sepertinya belum tembus satu juta. Dia ini jago banget bahasa Inggrisnya, sampe bisa nguasain kurang lebih 21 aksen.;1
Yang biking konten Charstray berbeda dengan kebanyakan channel gaming lainnya adalah, dia main game sambil benar-benar ngasih walk-through yang berguna, apalagi kalau dia sudah memahami game-mechanic sebuah game yang sedang dimainkan, kita bisa mendapatkan tips & trik mengalahkan game tersebut.beberapa video random.;1
Misalnya, dia pernah main + menamatkan serial game Five Nights at Freddy (FNAF), namun sambil memainkan dia juga memberi info secara detil mengenai game-mechanic, background story, bahkan sampai Lore nya. Tidak seperti Markplier atau Jacksepticeye yang memainkan FNAF hanya sekedar sambil teriak-teriak, grasa grusu, atau misuh-misuh.;1
(Oh ya, saya juga jadi tahu istilah game-mechanic dari Charstray). Selain video tentang game, Charstray juga pernah bikin video ulasan / analisis mengenai hal-hal yang pernah viral di dunia internet. Misalnya, dia pernah menganalisis kasus misteri kematian Elisa Lam pada tahun 2013.;1
Namun seorang Charstray bisa peka terhadap sudut yang luput dari video-video youtube analisis lainnya. Ia (Charstray) menemukan kehanehan terhadap countdown detik yang ada di kamera CCTV, lalu si Charstray menyimpulkan bahwa video footage yang menjadi barang bukti telah diedit oleh pihak tertentu untuk menghilangkan jejak yang tidak mau diketahui oleh publik.;1
Saya sangat suka analisis Charstray yang menggunakan beberapa tools di bidang IT membuat dia terkesan benar-benar orang yang profesional dalam soal komputer. Selain analisis Elisa Lam, dia juga pernah membuat video analisis-analisis lainnya. Seperti contohnya, dia pernah bikin video cara mengetahui apakah sebuah 'foto hantu' itu beneran atau hanya editan belaka.;1
"Dan mengulasnya benar-benar detil dari segi IT, berbeda sekali dengan si Ewing-HD yang merupakan sohibnya Charstray sendiri yang hanya ""menganalisis foto hantu"" hanya sekadar pakai adobe video atau photo-shop buat mengedit-edit brightness atau contrast saja.";1
"Bukan cuma buka-bukaan Deep Web pake TOR-browser, Charstray juga banyak meluruskan banyak kekeliruan pemahaman orang-orang mengenai ""Deep Web"" dalam videonya. Deep Web sebenarnya tidak selalu secreepy atau seseram atau se-dark yang orang-orang di internet bilang. Jika penasaran, silahkan tonton videonya Charstray!";1
Guru gembul adalah seorang konten kreator Indonesia yang sangat anti-mainstream dibandingkan konten kreator Indonesia pada umumnya. Pemilik akun Guru Gembul menurut pengakuannya sendiri adalah seorang guru honorer yang bekerja di sebuah sekolah yang dirahasiakan identitas sekolahnya.;1
Si Guru Gembul akan mengulas dengan penyampaian yang benar-benar Netral, dan sama sekali tidak menyudutkan pihak tertentu walaupun pihak tersebut salah. Bila anda adalah orang yang ber Tipe Kritis, Pemikir, suka mengutamakan logika, maka kanal Guru Gembul betul-betul cocok untuk anda!;1
Remotivi adalah kanal yang fokus membahas masalah pertelevisian, hiburan, dan media elektronik lainnya dari sudut pandang Ilmu Komunikasi dan Informatika. Channel ini sangat-sangat menarik, karena ketika mengkritisi (misalnya mengkritisi pertelevisian di negara kita) disajikan dengan argumen-argumen berbobot dan memiliki dasar literasi yang baik.;1
Bagi yang suka dengan kisah-kisah horor atau kisah kasus misteri untuk pengantar tidur anda, maka kanal Rizka Wadiono adalah salah satu rekomendasi dari saya.Followers Rizka Wadiono tidak seberapa, tidak seperti Nessie Judge atau Hirotada Rafidan dengan konten-konten serupa yang followers atau subscribersnya mencapai lebih dari 1M.;1
Ciri khas narator kanal Rizka Wadiono adalah orang berkaos dengan memakai topi cap terbalik, wajah yang selalu berkeringat, dan ekspresi wajah yang selalu tegang yang menurut saya sangat cocok sebagai pembawa konten-konten misteri atau horor. ;1
Menurut saya pribadi, konten-konten seperti itu kurang cocok kalau dibawakan oleh orang yang terlalu ceria + tukang banyol seperti kanal Hirotada Rafidan atau HAGZ.;0
Meatball Studios adalah kanal yang isinya berbagai macam komparasi dengan menggunakan animasi 3D yang sangat keren. Semuanya disajikan dengan animasi 3D yang keren, dan skala pengukurannya pun sangat detil.;1
Konten-konten Joel pada umunya berupa youtube-gaming, walau ada juga video yang lain seperti sesi Windows Destruction yang merupakan sesi nge-gabutnya ala Joel. Namun yang membuat konten-konten Joel menarik ialah, ia bisa melontarkan humor yang sangat langka bagi audience, dan tidak ada kata-kata yang dilontarkan yang benar-benar toksik.;1
Konten-konten gamingnya si Joel selalu didesain dengan absurd, alias dia memainkan dengan semaunya dan dengan tingkah-tingkah konyol, bahkan di-install beberapa mod yang membuat game tersebut menjadi ancur. Yang lebih uniknya, anda akan lebih sering dibuat tertawa bukan karena tingkah konyolnya dalam bermain game, melainkan suara tertawa khas ala Joel yang benar-benar menular (contagious laughing).;1
Bila audience Indonesia pada umumnya suka dengan youtuber gaming luar negeri seperti PewDiePie atau Markiplier atau yang mainstream lainnya, maka Vargskelethor Joel adalah kanal favorit saya. Saking dicintainya oleh para fans, Joel pun memiliki Wikipedianya sendiri :;1
Kanal ini sangat sangat direkomendasikan buat para pecinta negara Jepang, apakah itu menyandang status Wibu atau bukan Wibu.;1
Nobita-sensei ialah guru bahasa Inggris di sebuah sekolah Jepang, maka bahasa Inggris yang ia ucapkan pun lumayan fasih. Yang unik dari kanal ini, Nobita-sensei juga pernah mengritik aksi / tindakan seorang Youtuber bernama Logan Paul yang sedang liburan ke Jepang.;1
Aksi Logan Paul di hutan Aokigahara sangat toksik dan sangat destruktif serta tak layak mendapat apresiasi dari audience Youtube.;0
Jika kalian sangat penasaran dengan perspektif orang Jepang terhadap negaranya sendiri, dan perspektif orang Jepang terhadap Gaijin (non-Jepang), maka kanal Nobita Sensei bisa dijadikan referensi yang baik.;1
Channel yang saya temukan secara random ini masih memiliki subscibers di bawah 100ribu. Padahal kontennya cukup menarik. Saya sendiri tidak tahu siapa nama sebenarnya sosok guru gembul karena memang saya hanya tertarik pada konten yang dibahasnya.;1
Dikemas seperti seorang guru yang sedang menjelaskan hal kepada muridnya, dengan sedikit guyonan, membuat hal-hal yang dipaparkannya enak untuk diikuti. Dari channel ini saya banyak mendapat ilmu dan pemikiran baru.;1
Kalau kalian senang menonton Discovery Channel atau National Geoprahics tapi merasa bingung karena berbahasa Inggris, Alam Semenit bisa menjadi alternatif. Channel ini banyak membahas makhluk hidup di alam liar yang dikemas secara menarik dan santai. Ditambah pembawaan narasi dari sang narator yang menenangkan membuat kita betah menontonnya.;1
Buluk merupakan salah satu musisi yang mebuat channel YouTube imbas dari pandemi saat ini. Vokalis band rock Superglad ini juga merupakan mantan penyiar radio anak muda Jakarta, membuatnya sangat fasih saat membawakan acara.;1
Channel ini banyak mengundang musisi-musisi, seniman hingga pelawak yang menarik untuk disimak, bahkan saat saya tidak mengenalinya sekalipun. Lewat obrolannya dengan bintang tamu, kita banyak dibawa nostalgia ke era-era dahulu saat mereka mengawali karir.;1
Nope, channel ini bukan membahas aneka satwa seperti Alam Semenit. Channel ini membahas film-film yang sedang tayang di bioskop dan juga streaming berbayar. Review dari Abi sangat subjektif, kritis, dan juga informatif. Pembahasannya juga sangat singkat dan padat sehingga terkadang kita mesti menonton beberapa kali untuk mengerti apa yang dimaksudnya.;1
Channel yang banyak mengkritisi media di Indonesia khususnya televisi ini mampu membuka pikiran saya akan minimnya literasi dan edukasi dunia pertelevisian kita. Tidak hanya itu, Remotivi juga kerap menyentil acara-acara kurang berfaedah yang banyak bermuculan di layar kaca seperti reality show yang tidak realistis, sinetron yang lebay, hingga dramatisasi berita bencana.;1
Salah satu channel edukasi politik yang tidak hanya membahas politik praktis saat ini, tapi juga sejarahnya. Tidak hanya itu, channel ini juga membahas sejarah-sejarah pergerakan politik di Indonesia yang dikemas secara menarik. Banyak wawasan yang saya dapatkan dari channel ini.;1
Berbeda dengan channel-channel sebelumnya, channel ini saya tonton karena saya kagum dengan pembuatnya. Saya sendiri tidak ada hobi koleksi diecast atau mainan, hanya saja saya kagum atas kreativitas pemilik channel ini yang mampu memodifikasi mainan die cast biasa, menjadi luar biasa layaknya mobil benaran.;1
Dikemas layaknya channel tutorial, membuat penonton sedikit mengerti proses pembuatannya. Tidak hanya penonton lokal, channel ini juga mampu menarik perhatian penonton dari segala penjuru dunia.;1
Menurut saya Benjamin Bennett mungkin bisa dikatakan sebagai orang yang kurang kerjaan. Benjamin mengunggah video tentang dirinya yang sedak duduk sambil tersenyum. Yang paling mengejutkan durasi video tersebut. Benjamin hanya duduk dan tersenyum selama 4 jam. Lah, kita cuman disuruh nonton dia seperti itu .;0
akun ini sudah pernah di banned oleh youtube tapi bikin akun baru lagi isi kontennya tetap sama dengan sebelum berisi kan hal-hal yang tidak etis karena terlalu vulgar malah menurut saya berbau pornografi saya risih dengan akun ini berharap bisa di banned, mempengaruhi anak di bawah umur;0
Misbakhul Munir punya lebih dari 600 video low quality dan editing yang tidak memadai,bahkan kebanyakan langsung diupload tanpa edit terlebih dahulu.;0
Ada 266 ribu subscriber di channelnya, itu terbilang banyak. Tapi kalau melihat kualitas konten video videonya seharusnya dia sudah melewati angka satu juta untuk subscribernya. Karena menurut saya channel ini benar benar bagus dan bermanfaat.;1
Yang saya suka dari Ria SW adalah dia selalu menghadirkan konten yang berkualitas, tidak clickbait dan pastinya selalu menghadirkan aura positif di dalam kontennya. Dalam kontennya juga selalu ada quotes, yang bisa memotivasi penikmat video-videonya.;1
atta halilintar, raja youtuber tapi menurut saya kasian para anak SD dan SMP yang gila-gilaan menonton dia tanpa ada pemberian ilmu kepada anak-anak Indonesia yang menontonnya.;0
Raffi Ahmad, kalau yang ini raja dari segala yang berhubungan dengan cuan, bahkan setiap hembusan nafasnya pun sepertinya dijadikan uang. tapi ya sorry banget youtubenya hanya berisi prank dan prank;0
Ria Ricis, entah apa yang bagus dari kontenya tapi para anak-anak ABG sungguh doyan, coba seandainya dia memberikan motivasi tentang perempuan muslimah pasti akan bernilai meski penontonnya dipastikan tidak akan seramai saat ini.;0
Kanal yang satu ini berisikan penjelasan langsung dari pemiliknya. Penjelasan yang disampaikan cukup mudah untuk dicerna, lugas, dan akurat, serta ilmiah karena setiap penjelasan dicantumkan langsung data dan sumbernya.;1
Konten yang ngeprank, pamer kehidupan sex berkedok edukasi (padahal sex aja, edukasinya gak ada), pamer harta, intinya pamer, dan lain-lain yang gak bermanfaat.;0
King Of Clickbait kontennya gk ada bedanya dengan TV You Know lah -> drama,prank Keluarga sendiri dan pamer harta;0
"Gk usah ditanya lagi dah, Berjilbab tapi kelakuan Sampah, Konten Youtubenya gk ada yang bermanfaat sama sekali, Pamer harta,Sensasi dan Alay, bahkan dia pernah ditilang polisi bukannya merasa bersalah malah makin sombong nunjukkin klo si doi Youtuber gede, gw cuma tepuk jidat sambil Ngomong ""Star Syndrome Akut nih Bocah""";0
Saya tahu Youtuber ini Ketika Viralnya Prank Ojol seketika saya sakit hati melihat orang ini, Prank Ojol itu bukan Prank Tapi Drama dengan Embel2 Prank. Waktu bulan puasa dia bikin Ulah lagi Membuat Prank Batalin Puasa dengan Imbalan Pizza jika mau membatalkan puasa..;0
Jijik lihat Drama tapi pake Embel2 Prank, Prank itu menjahili orang lain hanya untuk hiburan semata bukan menyakiti orang apalagi sampai sakit hati dan Menyerang Privasi Orang lain. Mending Gw nonton HowToBasic dah Tutorial hancurin barang daripada Drama tapi pake Embel2 Prank..;0
Youtuber Pamer Harta, Konten Youtube paling gk berguna Se Alam Semesta, buat apa coba kita melihat konten pamer Harta? Dapat Ilmu Kagak, Buang2 Waktu Iya;0
Saat dia Viral, bukannya minta maaf, dia malah Sok Suci Ngasih Konten2 Inspiratif, Lucunya lagi dia malah Lelang baju bekas Pansosnya.. Kabar Terbarunya dia Diputusin sama pacarnya;0
Makan bulu kemaluan demi merayakan jumlah subscriber yang mencapai 400 ribu, menjelek-jelekkan Reza Arap (merobek kertas yang ada foto Reza Arap), dibui karena narkoboy, dan skandal perselingkuhannya dengan sesama pemain e-sport.;0
Tak ada yang menarik menurut saya selain kekayaannya.;0
Tapi sebagai YouTuber, saya rasa mereka ga pernah bikin apapun yang berarti, terutama sekarang kayaknya mereka udah gak peduli sama kualitas konten, cuman bergantung sama status selebritisnya aja.;0
karena Sifat Ria Ricis tidak sesuai dengan Sifat Perempuan berjilbab pada umumnya, dia selalu membuat sensasi seperti Membuang mainan ke Toilet,pamer harta,membuat video Pamit dr YT tapi besoknya Kembali,Syuting disaat Wabah Corona dll;0
Saya tau dia waktu itu dia membuat Konten Sampah Prank Ojol yang Akhirnya Banyak Youtuber Sampah Ngikutin trend Prank Sampah ini, sehingga banyak Ojol yang dirugikan karena banyak Cancel Orderan yang didapat termasuk Teman saya, dan sekarang dia bikin Konten Sampah lagi yaitu Prank suruh batalin Orang Puasa.;0
Saya kesal,kenapa youtuber satu ini bisa seenaknya memutuskan kalau dia bukan lagi YouTube lalu mundur dari dunia peryoutubean Indonesia cuma karena alasannya YouTube itu sampah mungkin,padahal konten2 nya pun banyak yang negatif dan nggak berguna.;0
Paling suka konten barang anehnya sih. Terus reviewnya jujur dan ekspresinya gak dibuat-buat atau gak lebay. Saya follow dari chanel utamanya sampai chanel shortnya.;1
Yang mau lulus TOEFL ini WAJIB DISUBSCRIBE! Penjelasannya sangat mudah dipahami bahkan masih nyantol sampai sekarang, padahal saya belajarnya udah hampir setahun yang lalu. Saya ikutin dari subscribernya masih 1rb-an dan ternyata sekarang udah 80 ribu-an.;1
Ini grup acapella asal Korea Selatan yang suka cover dari lagu sampai bunyi-bunyi yang lain mereka jago. Paling suka ekspresi mereka sih dapet banget.;1
Pembalap dan pengulas profesional yang jelas tidak kalah menyenangkannya untuk disimak karena segala ulasan bung Fitra memang cukup detail dan jelas sejelas-jelasnya, biasanya juga banyak konten langka-langka dan tentunya kerap kali mengisengkan Om Mobi yang sudah bagaikan duo maut kalau bersama.;1
Yang suka topik MBTI dan psikologi nih cocok banget. Kontennya dikemas secara kocak.;1
Gak tau nama yang punya, tapi disini konten-kontennya tentang pembahasan apa aja, APA AJA yang penting asik, dibahas secara mendalam tapi juga dengan pembawaan yang asik dan gak terkesan menggurui. Dari seni, iklan, dll. Yang suka mikir cocok ini disubscribe buat nambah wawasan.;1
Wajahnya sumpah bisa awet muda sekali, kelihatan seperti masih anak SMA atau anak kuliahan baru masuk. Den Dimas juga tentu kerap kali mengulas dan mencoba banyak kendaraan unik, khususnya roda dua, dan pembawaannya itu sopan sekali seperti ada unsur memikat caranya dia berbicara.;1
Bang RG ini panutan asli, bisa dibilang jadi content creator di YouTube sepertinya memang hanya hobi saja dan kadang mobil atau motor racun bisa aja ditemuin oleh dia di dalam konten — konten kanalnya. Ulasannya juga tidak terlalu kaku dan terbilang santai sehingga yang menonton biasanya bakal paham lebih mudah dikit — dikit soal otomotif, khususnya motor dan mobil miliknya.;1
Menurut saya kontennya tidak berbobot, gak ada pelajaran yg bisa diambil dari situ. Kalo gak pamer mainan, lalu yg gak jelas lainnya.;0
Yang suka teori konspirasi, pembahasan ringan dan kocak, dan lain-lain pasti udah tau lah yaaa.;1
Saya tau dia ini dari videonya yg rate the worst salon in my town dan dari situ saya udh ilfel sebenernya. karena kesannya kok gimanaa gitu, dan bener setelah itu dia viral krn videonya itu. lalu makin kesini gak jelas videonya yg kdg nongol di home yt saya.;0
Dari awal kemunculannya yg viral aja, kdg saya pusing dgn penataan konsonan kata2nya. karena bner2 kayak anak sd yg masih belajar membaca;0
Yang sangat disayangkan dari kekeyi saat ini adalah kontroversinya dan kualitas video2 yg dia upload di yt-nya. makin kesini saya lihat videonya malah makin bikin pusing, entah dari cara dia ngomong, judul, ataupun editannya;0
Ampun de. Hobi banget bikin clickbait yang agak R18++. Padahal kontennya B aja.;0
Youtuber yang latah bikin prank ke ojol. Plis de. Konyol tauk. Emang lo pikir ga cape apa jadi mereka. Uda panas-panasan eh dikerjain. Mereka itu idup uda pas-pasan. Eh lo pengen bikin sesuatu yang wow malah bikin rugi orang. Ga lucu tau.;0
Youtuber yang suka pamer saldo ATM. Ngapain bikin konten kaya gitu? Biar kita iri ama kalian? Huh! Ga lah. Ngapain?! Ga guna tau kalian lakuin itu. Emang kalian uda ga ada ide lain ya, sampai buat seperti itu.;0
Youtuber yang bikin video tentang menjelek-jelekkan agama lain. Huh! Lo sok tau banget, pake bilang agama A begono agama B begini dan bilang agamanya sendiri terbaik. Sadar woy.;0
Youtuber yang menyebar hoax tentang pemerintah. Saya secara pribadi termasuk tidak peduli dengan pemerintah. Tapi, menyebarkan hoax apa sih gunanya? Biar eksis gitu? Saya ga usa sebut hoax yang ada di youtube. Panjang bok.;0
Komentar yang berbobot pun tenggelam, tertimbun oleh pengemis hadiah ini. Dan kesannya orang datang ke video hanya untuk mengemis rejeki, bukan menikmati isi video secara keseluruhan. Terus buat apa bikin video 10 menit, bambang, kalo orang cuma cari bagian yang ada giveaway nya?;0
menurut saya kontennya gada yang menarik dan mendidik, apalgi kalo udah bahas masalah squishinya itu, ngegunting squishilah, ngerebuslah, ngebakar, dimakan atau apalah sumpah ya itu tuh ga penting bgt, dan anehnya viewersnya selalu banyak aja saya ga ngerti:(;0
saya juga gasuka sama dia, soalnya kontennya suka nyomot dari yutuber lain atau ga ikut-ikutan gitu, dan saya heran bgt kenapa subscribernya sebanyak itu:(;0
KEKEYI, karena dia membuat konten yang tidak profesional dan selalu membuat konten yang hujat-able. Saya gak ngerti kenapa dia terus terusan bikin konten yang selalu dihujat habis habisan. Dia juga sudah cukup berumur tetapi tingkah laku dan attitudenya sangat kekanakan dan tidak etis. Dia seolah tidak sadar diri akan semua hal yang ada.;0
"Youtuber dengan konten yang eksploitasi ""kebodohan/kelemahan/ketidaktahuan"" orang lain. Konten prank dan konten yang menipu orang pinggir jalan dengan berbahasa inggris.";0
Youtuber dengan konten yang cenderung memerkan kekayaan. Tidak baik untuk mental saya dan cenderung membuat penoton kehilangan rasa bersyukur.;0
Youtuber dengan konten settingan yang hanya berusaha menaikan views dan pendapatan mereka. Zb. artis artis yang bertengkar.;0
"Youtuber dengan konten yang eksploitasi ""kebodohan/kelemahan/ketidaktahuan"" orang lain. Konten prank dan konten yang menipu orang pinggir jalan dengan berbahasa inggris.";0
Youtuber dengan konten yang tidak jelas dan tidak berbobot, jenis konten yang berbeda dengan apa yang ditampilkan di tumbnails;0
Naaaah, ada tuh ternyata orang krisis moral yang pengen tenar nyari popularitas memanfaatkan keaadan tersebut dengan bikin prank murahan!!!;0
"Jadi saya tidak suka youtuber yang tidak memberikan wawasan dan ilmu. Apalagi sekedar topik receh macam ""aduh semalam makan seblak, sekarang jadi mencret"" oh ya Tuhan, ngapain hal-hal kayak gitu diangkat ke media?";0
Saya tidak suka channelnya. Ya satu paket lah dengan pengisi kontennya. Nama channel yang saya tidak suka adalah K#y Enterta***. Kenapa? full drama. Males liatnya. Mulai dari drama mobil, rayuan, semua dicaplok.;0
Nikocado Avocado selalu membuat sensasi dan drama. Hampir semua videonya pasti mengandung bumbu-bumbu sensasi. Entah dia bertengkar dengan suaminya lah, ngata-ngatain orang lah, pokoknya banyak deh.;0
Ahhh pokoknya muak banget lah sama Youtuber kayak gitu. Memang gak pantas jadi Youtuber. Intinya kita jangan jadi orang yang Toxic, jangan suka memanipulasi orang dan menggunakan kelemahan orang lain sebagai kekuatan kita.;0
Bayu Skak meskipun dia sudah Jarang Upload video tapi saya tidak merasa bosan melihat video Bayu Skak, Bayu Skak adalah Youtuber pertama yang saya kenal.. kontennya Yang Berkualitas,Konten Komedi yang Receh dan Nostalgia masa kecil yang membuat saya betah menontonnya berulang-ulang;1
Kalau kalian belum kenal Anggie Marthin, dia adalah mahasiswi Hubungan Internasional. Dia benar-benar menginspirasi banyak orang, termasuk saya. Dia merintis semuanya dari Nol, di bidang karir maupun pendidikan.;1
Bisa dikatakan Anggie masih underated dibanding channel-channel lainnya. Padahal konten dia sangat bagus, dia tidak pernah menyerah akan mimpinya menjadi seorang diplomat.;1
Isi videonya rata-rata adalah tentang pengembangan diri, channel yang cocok banget buat usia anak remaja dan kuliahan. Cara doi menyampaikan pendapat pun sangat adem dan bisa dicerna dengan baik. Silahkan diliat gais!;1
Video-video dari channel Kok Bisa? isi videonya selalu up to date ditampilkan dengan menggunakan animasi-animasi yang lucu.;1
"Menurut gue pribadi, video-video dari satu persen adalah semua jawaban atas pertanyaan yang sering kita tanyakan dalam hidup. dan setelah nonton beberapa videonya gue sering ngerasa kaya, ""oh jadi begini toh…"" ""wih pantesan.."" ""ternyata ini yang sebenernya…""";1
how to life a simple life- ini adalah channel yang bener-bener pas! video-videonya menyajikan ketenangan, tidak terburu-buru, video membuat kopi dan sarapan, makan bersama keluarga di pagi hari. menyajikan hal-hal yang simple tapi dari video ini gue ngerasa bahwa hal-hal simple yang kita syukuri adalah kunci hidup kita lebih bahagia~;1
orang Kanada yang punya kecintaan sama Indonesia, gue sangat relate sama beberapa video dia. Apalagi bagian ngeroasting orang Indonesia XD wajib nonton soalnya kocak banget doi;1
Isi videonya rata-rata adalah tentang pengembangan diri, channel yang cocok banget buat usia anak remaja dan kuliahan. Cara doi menyampaikan pendapat pun sangat adem dan bisa dicerna dengan baik. Silahkan diliat gais!;1
Kalau kamu tertarik dengan programming dan AI, ini cocok buat kamu. Dia suka upload video sambil ngoceh saat ngoding. Dan ini ngga ngebosenin karena dia bikin AI buat game dan menurut saya dia cukup ekspresif;1
Kontennya menarik, dan menurut saya dia benar-benar memperlihatkan bahwa sebagai perantau kita harus bisa bergaul sama siapa saja. Dia juga suka upload battle matematika atau menjawab pertanyaan followers/subscribers.;1
Anti clickbait dan to the point. Bisa juga mungkin dihajar serial Cerita cintaku nya.;1
Saat PSBB seperti ini channel YT yang satu ini sering muncul di explore saya dengan resep rumahannya yang menurut saya mudah dan enak.;1
Sering blunder. Udah gitu ketahuan salah, nggak mau minta maaf. Netijen yang ngebully dia dipantau satu-satu katanya mau dilaporin pake UU ITE. Hahaha;0
dulu aku suka dan kagum banget sama Lesti ini, tapi makin kesini makin dramaqueen, paling gabisa aku nonton orang yang kebanyakan menye-menye, apalagi semenjak jadian sama rizky billar, hadeuhhh makin risih beyud melihat drama keuwu-an nya.;0
Awkarin adalah sosok yang munafik dan tukang playing victim, dan ya. Hal itu terjadi ketika ia bertengkar dengan sahabatnya Tasyux. Awkarin selalu playing victim.;0
Saya tidak bisa menyebutkan karena Sangat banyak SAMPAH diyoutube seperti Gosip,Artis2 Alay,Prank Sampah(Prank Ojol,Prank batalin puasa dll),Berita HOAX,Konten Overproud yang belum tentu benar;0
kontennya cuma ngeprank2 sok lucu, aku gak nemu nilai mendidiknya dimana. Sayangnya yg sering trending YouTube Indonesia gak jauh2 dr video prank2 itu. Mending nonton Vice meski rada liberal menurut org sini;0
Bisa di bilang yang kontenya tidak mendidik itu sekarang media yang terjun ke youtube. Karena mereka cuma mengangkat drama saja untuk di pertontonkan demi mendapatkan rating youtube dan adsense;0
Pak Ndul ini, beliau ini ahlinya ahli, tapi kalau nonton videonya berasa percuma masuk sekolahan dulu ya. Baru 2 menit nonton saya sudah nggak kuat. Nggak tau kalau yang lain.;0
Cewek Papua yg pinter makeup, dia juga seorang MUA. Dia jujur dengan kondisi kulitnya, jujur saat review produk, sampe di-zoom ke mukanya, supaya kita bisa lihat jelas hasil dari produk itu beneran flawless ato gak.;1
Tidak profesional. Ngasih content ngasal kualitasnya ga bagus, di kasih revisi ga mau, baca brief ga komprehensif.;0
Sikapnya kurang. Suka lama bales chat, taunya lagi horehore (sebenernya gapapa lama tapi boleh dong kita di kasih tau daripada keburu suudzan), suka diva berasa dibutuhkan banget. Kirim content gak ontime sukanya mepet. Minta payment suka ga sopan apalagi kalau telat bisa marah-marah;0
Agak kurang pntar, terutama untuk influencer daerah dan micro influencer. Ga ngerti cara nyari insights, dikasih platform baru, udah dikasih tutorial tetep ga ngerti. Trus kalau ga ngerti brief malah gak nanya.;0
Ya sebenernya gak semuanya kok kaya gitu, banyak juga influencer yang baik, nagih payment sopan banget meskipun terlambat tapi bisa diajak diskusi, ada yang ngasih content jauh hari sblm tanggal post, ada yang baca brief teliti banget, suka ngajak diskusi.;1
"Saya sebal pada CEO snapchat, Evan Spiegel. Jadi ceritanya saya seorang Microsoft fanboy yang menggunakan Windows Phone sejak 2013. Sebelumnya, dari 2009 sampai 2013, saya menggunakan Windows Mobile (pada alat yang disebut ""PDA"", personal digital assistant, yaitu istilah yang dipakai sebelum istilah ""smartphone"" muncul).";0
kalau inpiring, honest review dan informatif. gak pelit share informasii, lucu/humoris. jadi menghibur dan kasih vibes positif, style fashion or cara berpikirnya serupaa. kalau ini so pasti, karena itu di follow kan. karena sesuai dengan diri kita sendiri;1
ramah, humble, gak sombong apa adanyaaa. gak terlalu pencintraan. memang influencer ato selebgram harus behave and have manners. jaga reputasi dan citra diri but still..kalo terlalu fake pencitraannya juga gimana yang biasa aja, normal-normal aja. tetap jadi diri sendiri apa adanya;1
AWKARIN NIPU? Lagi-lagi awkarin bikin ulah? Gak tau pastinya tapi kalau dari chat ini, kalian bisa simpulkan sendiri. Lagi-lagi Awkarin membuat pihak lain kecewa karena sikapnya. Kali ini sikap awkarin jika tidak dilakukan dengan baik bisa dianggap penipuan loh. ;0
Brand sudah bayar 15 juta + biaya pengiriman kopi, tapi tidak dilayani dengan baik. Padahal kayaknya dari waktu perjanjian sudah lewat.;0
Masukan untuk para KOL model awkarin, kalian kayak gini namanya menzolimi rejeki orang loh. Sudah bikin rugi, ga mau mengakui lagi. Lebih hina lagi kalau udah salah nantang bawa pengacara. Ini baru kerjasama sama bisnis kecil. Kalau sama multicompany, urusan panjaaang cuy;0
Dulu juga pernah baca ceritanya yang collab dengan MUA. Rasanya bisa diambil kesimpulan kalau manajemennya (yang jelas berkaitan dengan etika pribadi) Karin memang gak Pro. Kalau mau kerjasama pikir2 baik2 deh.;0
Hadeuhhh…. Kok jadi ribet gini ya, kesannya kok jadi tidak professional ya. Saya tidak dalam posisi membela siapapun, toh saya juga gak kenal kedua2nya, cuma sekedar tau saja;0
Tapi sepertinya ada yang harus di perbaiki dalam proses endors2an ini, misalnya untuk proses pertama, apakah tidak lebih baik dilakukan face to face, meski mungkin hanya di wakilkan oleh assistennya Awaw, pakai bukti hitam diatas putih, jadi biar kedua belah pihak mencapai pemahaman yang sama;0
Dan terutama karena produknya bukan kosmetik yg bentuknya tidak mudah berubah, kalau minuman kan pasti acak2an memang kalau dikirim lewat paket, lebih baik di racik di tempat, dan ini harusnya dikonfirmasikan di awal oleh si pengusaha sebelum transfer.;0
"Nih aku itu risih kalau lihat selebgram yang hari ini posting "" aku lagi pakai skincare dari ini nih , bagus banget "" besoknya endors produk skincare yang lain lagi dengan omongan yang sama";0
WTH? Terus ada nih yang promosi barang itu gak cek dulu produk itu bahaya atau tidak main promosi aja contohnya seperti krim pemutih dalam seminggu langsung putih ? weh PUTIH ? SEMINGGU ? Yang ada kanker kulit , ;0
Tau gak sih mereka kalau promosi barang abal abal kek gitu itu pengaruhnya ratusan bahkan ribuan yang bakal beli produk tersebut dan dampaknya apa ? Rusak tuh kulit ! Embel embel pemutih pemutih kalau pemutih baju mah percaya ini pemutih dalam waktu seminggu ANJRIT !!!;0
Buat saya jelas-jelas kingvitaly lah. Dia ini gak jelas banget orangnya. Di foto ini udah jelas kalau ada tulisan no climbing. Artinya dia gak boleh manjat. Sudah jelas banget peraturannya. Tapi yang dia lakukan adalah dia malah climbing sampe atas. -_-;0
Demi Langston. Saya sudah bayar endorsenya, susah kirim barangnya dari tahun 2016 sampai sekarang belum dipost. Bukti chat dan bukti pembayaran ada, lengkap. Aneh aja sih, udah dibayar, usah dikirim pupa barangnya, gak terkenal2 amat juga tuh orang tapi gak menjalankan tugasnya dengan baik;0
Kasus gini udh sering terjadi dan lagi2 sm awkarin, entah ini emg karin yg menyepelekan atau managementnya yg tdk profesional krn kl di lihat dr historynya management karin pasti slalu ganti2 dan rata2 dr mereka pasti msh muda dan belum terlihat profesional. ;0
Bacotnya enteng banget itu pihak management. Kelihatan bocah semua isinya. Masa udah dari jaman kapan nanganin endorsement tp masih amburadul. Semoga gak ada lagi deh drama-drama sama si mbak influencer;0
Lain kali mending kalo endorse makanan ke Titan Tyra aja deh. Awkarin emg sialan keterlaluan attitudenya nol besar;0
Si ratu Boba ya. Haha emang aku pun menikmati konten yang dia tampilkan terutama perbandingan Boba yang dia beli. Cukup dari review dia say pun beli Boba yang menurut dia sangat enak, jadi gak perlu buang duit buat cicipin semuanya.;1
oh ya ada satu influencer yang saya ikuti di ig benar benar galak soal review produk. Dia hanya mau review produk yang dia pakai saja ataupun produk yang benar benar bagus.. idola emak emak sejati follower nya aja disebut thanos . Apapun barang yang dia review pasti laris manis walaupun harga jutaan. Kemaren abis kasih give away total 2 Milyar, hadiah utamanya mobil…;1
"Saya juga sebel liat endorse-an yg ga edukatif, apalagi cuma mementingkan yg penting dapet endorse-an duit mengalir. Apalagi yg suka bilang ""banyak yg tanya….."". Sapa yg nanyain coba kwkwkk. Artis2 endorse produk kecantikan itu dengan promo ""aku juga pakai"" memang kurang meyakinkan lha wong mereka kerjaannya keluar masuk klinik perawatan khusus kecantikan.";0
Hahahaha demi duid sayyy.. apalagi klo ada artis2 baru booming macam jebolan id*l.. storynya smpe titik2 endorsan smua.. sangat disayangkan sih ya.. utk konsumen jg plis mkir lg klo mau beli apa2 terutama skinker.. liat aja artis yg nyontohin, kulitnya beda kan sm yg di testimoni produk tsb..;0
Saya kesal karena fenomena SOCIAL INFLUENCER.. Saya dan suami baru saja memulai usaha mie frozen, nah hari ini tiba-tiba saya dapat DM, untuk tawaran endorsement;0
"Saya sangat terbuka dengan penawaran yang diberikan, sampai.... Saya mencoba untuk bernegosiasi dengan ""SELF CLAIMED"" Food Blogger ini, karena yang saya perhatiin followersnya hanya sekitar 49ribu, dan hasil foto yang diposting juga masih terkesan amatiran.";0
Namun pricelist yang ditawarkan menurut saya tidak senilai dengan promosi yang ditawarkan. Belum lagi biaya yang harus saya keluarkan untuk makanan, plus harus ada invitation fee jika saya mau mengundang orang tersebut. Wow.. Pricelist profesional namun untuk hasil kerjanya kurang profesional.;0
Kemudian saya mengecek, berapa jumlah like dari setiap foto yang diposting, ternyata tidak lebih dari 250 likes. Dengan berat hati saya akhirnya harus menolak tawaran tersebut. Namun setelah saya tolak, saya baru mengetahui alasan kenapa food blogger ini tidak mau mengurangi tarif endorsementnya.;0
Tapi sang food blogger hanya bermodalkan foto amatir, meminta saya mengirimkan makanan, dan membayar untuk foto amatir yang saya juga belum tentu mendapatkan hasil promosi yang maksimal rasanya saya jadi benar-benar kesal.;0
Jika memang membutuhkan biaya, ada jalan lain untuk mendapatkan penghasilan. Atau setidaknya hasilkan foto yang lebih profesional, jika foto yang dihasilkan masih amatiran, setidaknya be negotiable soal harga, karena pelaku bisnis bukan badan amal yang penyumbang dana secara cuma-cuma.;0
Kurang etis rasanya sampai menceritakan hal oribadi seperti itu. Setuju sama pendapat sebelumnya yg bilang kemungkinan ini justru jebakan yg memainkan perasaan target.;0
Wah, kalau dari awal sudah tidak profesional, biasanya sampai akhir juga tidak profesional. Kemungkinan dia bisa menunda jadwal posting entah sampai kapan, memberi kualitas kerja rendah, dan terus menjual cerita sedih agar dimaklumi.;0
sebelum kita mau menjual produk dengan harga yang Profesional, harus cek diri kita dahulu apakah produk yang kita jual ini juga profesional? apalagi kalau cara jualannya tidak profesional akhirnya kalimat profesional hanya khiasan semata;0
Seringkali di momen-momen sedang liburan atau pesta pasti dia akan menyempatkan gonta-ganti baju untuk photo shoot dengan produk sponsor dengan background yang instagramable pula. Banyak waktunya didedikasikan untuk konten. Belum lagi membeli kamera bagus, full makeup setiap saat dan melatih orang-orang di sekitarnya untuk dapat mengambil gambar yang bagus. Memang selebgram profesional lah.;1
Sepupu selebgram saya itu langsung mengontak salah satu IG akun yang jual kue-kue basah yang enak dan memberi penawaran endorse sebagai barter dengan kue-kue itu. Luar biasa, langsung direspon dong! Bahkan orang itu yang excited dan melipatgandakan penawarannya dengan imbalan review, mention dan foto kuenya di acara ultah tante kami.;1
Bukan di palak si, tapi gak professional aja Kadang Kadang. Jadi Saya pernah dapet customer di rental sepeda motor Saya di www.madeventure.com[1]. seperti biasa karena prosedur administrasi harus mencantumkan akun Instagram, jadi Saya cek tuh akunnya. Ternyata doi punya follower 50ribuan.;0
Saya tawarin lah untuk nggak perlu bayar sewa, tukar dengan eksposure. Awal nya si doi serius, pakai sesi Poto session segala dengan motor saya. Singkat cerita, pas doi dah balik bandung doi janjiin akan di posting hari minggu depannya. Eh sampai hari yang di tentu kan gak Ada satupun postingannya.;0
Saya follow up doi malah nawarin buat bayar sewa nya aja. Alhasil Dari Sana Saya kurang respek Kadang sama beberapa selebgram.;0
Saya mau cerita pengalaman saya endorse keanu, kebetulan saya sudah 2x endorse dia. onlineshop saya jual product kosmetik alis, nama instagramnya henabrow.id. singkat cerita awal endorse saya cuman bayar untuk 1 slide aja karena saya mau tau, bagus atau nggak feedbacknya. eh ternyata, dilebihin sama keanu jadi 2 slide??;1
dan followers saya langsung naik kurang lebih 10.000, wow menurut saya sih ini feedback yang bagus banget, omset saya juga beneran naik sampe nyentuh 100jt ( padahal saya onlineshop baru dari bulan mei );1
terus karena menurut saya feedbacknya bagus 3 bulan kemudian saya endorse lagi dan saya bayar untuk 3 story. cuman kata adminnya, productnya gak bisa dipake jadi cuman dipegang2 aja. saya setuju gak apa apa dan saya ttp endorse lagi. tapi ternyata, pas di upload product saya dipakee!!;1
sumpah saya seneng bgt udh mah feedbacknya bagus, yang pertama saya dikasih bonus slide terus productnya dipake. saya sih rekomendasiin ya kalo mau endorse keanu soalnya dia itu unik, jadi bikin orang gak bosen untuk ngeliatin instagram story dia sampe habis walaupun isinya endorsean.;1
Keanu sama Fadil lagi jd hype banget dikalangan endorsan, karena memang segitu nampolnyaaa hasil feedback nyaa. Kereeennnnn;1
saya sebagai followers mereka gapernah bosen sama cara endors-nya. unik aja dan beneran bikin tertarik;1
apalagi kalo endorse bareng Pak muh, mood booster bgt. Wkwkwk;1
Banyak yang bilang emang aslinya keanu itu baik banget dan gak pelit, gak fake katanya. Aku agak ga percaya si, cuma tau dia humble, ternyata emang baik banget keliatannya dari testimoni nya kakaknya;1
Pilihan influencer harus sesuai dengan produkmu biar promote joss, kalau salah pilih, hasilnya bisa zonk.. oiya, rekomendasi saya cici @WendyWalters (pacarnya Reza Arap) juga cocok dengan produkmu. Nggak tau berapa tarifnya, hubungi aja CP nya;1
Saya menyewa jasanya dengan kompensasi fair, video production yang lumayan niat dan kooperatif, dan hasil yang cukup ngefek.;1
Jadi saat itu saya dapat arus feedback yang lumayan tinggi. Follower akun bisnis saya naik. Dan akhirnya, dengan pengelolaan akun bisnis yang baru dapat tumplekan follower itu, baru saya bisa mengonversikannya ke profit beberapa minggu sampai bulan kemudian.;1
Sebenarnya waktu itu saya agak salah karena waktu kampanye iklan target pasar saya buibu sementara pangsa pasar dia bocah. Jadi saat itu saya dapat arus feedback yang lumayan tinggi, tapi ketika dikonversi ke pelanggan, ratingnya lebih banyak end customer yang kebanyakan kepo doang.;0
Yang lagi IN bellaclrs, sih. Nanti promonya di akun tiktok doi. Konten-konten kece bagus semua soalnya. Cocok untuk yang mau endorse berbau fashion.;1
ayusaraw. setahuku dia orgnya pinter dan pergaulannya jg luas. suka bersosialisasi, pencinta hewan, dan urusan pendidikan jg kyknya nggak meragukan lg.;1
Mungkin belum seheboh influencer lainnya ya, tapi aku rasa mbak Ira cocok deh, lumayan concern ke pendidikan dan kalo bahas sesuatu detail. Akunnya @irrasistible sama akun IGnya itu juga;1
Paling banter ngaret, baca script literally copas kaga ada improvenya, dll. Mengatasinya adalah dengan memberikan brief se lengkap lengkapnya. Bener bener kasih sedikit bgt celah untuk kamu kecewa sama influencer tersebut. Kalau soal telat sih ya susah;0
si influencer ini pertamanya ngepost di story dan ngemention akun ig kantor gw, dan gue repost dong. dan pas mau buat social media report, ternyata gue cek udah diapus story dari archive dia. soalnya keliatan kalo kita pernah repost story dan yang buat story itu belum apus, pasti masih ada jejaknya. followers 40k belagu amat dah;0
hadeh dulu ngelayani selebgram. jutek banget, requestnya aneh aneh. buka postnya beda 180 derajat;0
Okay, saya jualan online di tahun 2015 tapi berhenti di 2016 saat olshopku sementara menanjak, yang followersnya dari 0 bisa sampai 20k dalam waktu 3 bulan, pendapatan di awal sekitar 2jutaan dan tiba-tiba bisa nembus 20juta;1
Linka Angelia. Ini aku ga bayar, waktu itu followersnya cuma 3ribuan, tapi yang mau samaan dengan barang yg dipromosiin termasuk banyak, aku sampe 5 kali endorse dia, mungkin salah satu yang bikin dia naik daun jadi selebgram ya pengaruh olshopku juga, karena tiap abis ngerepost foto dia difeed olshop, otomatis followersnya juga nambah. Iya, GEER..;1
Neva Indriany. Ini juga masih free waktu itu, endorse 3kali, mbanya baik banget, dikasi satu barang, tapi dipost bisa sampe 3 kali, dan foto-fotonya sekece itu, olshop jadi naik kelas. Makasi mba Neva kali aja doi main Quora.;1
Awkarin. Oke, bhaiqqq.. ini Awkarin, endorsenya waktu itu cuma 160ribu, sebelum idungnya diapa-apain, sebelum gaul-gaul amat, ya tentu sebelum endorsenya nembus 10juta/post, doi pernah dong beli baju di olshop ogut, jadi pas abis endorse dia, dia ngechat mau dua barang lagi,;1
Awkarin berhasil naikin sampe 4rebu followers guys waktu itu. Aku sampe kewalahan bales chat dan kepakin barang yg mau samaan dengan yg doi pake.;1
Pamela Bowie. Taulah yang ini seleb, aku bayarnya 550rb, feedback lumayan, sama aja dengan selebgram ga berbayar feedbacknya, walaupun gitu, olshopku makin trusted karena dipromosiin sama artis..;1
Aron Ashab, Tahun Endorse 2015 fee 1juta, feedback? Tentu saja ZONK! Ahhhh pertamakali endorse mahal tapi ZONK, hatiku potek.. tapi, mungkin karena bukan pasaran followers dia juga kali yaa, jadi kuncinya klo mau endorse liat dulu, barangnya cocok ga sama followers si selebgram yang mau kalian pake buat promosiin barang.;0
Amanda Manopo, fee 550ribu 3x24 jam, jadi setelah 3x24 jam dihapus dan dunia harus tau kalau waktu itu dia ga profesional, belum 2x24 jam fotonya udah ilang di ig.. pengen gua lenyapin juga deh nih bocah.. sama management ga ada respon pas dikritik, naikin followers cuma 30an orang, orderan cuma 5, gimana ga makin gemes;0
Ketika saya mengendorse, Adinda saat itu belum menjadi cast member di The east. Tapi ia sudah bermain di beberapa film layar lebar, menjadi host di motogp dan kerap menjadi model. Namun saat itupun pengikut di instagramnya sudah berjumlah 500ribu lebih.;1
The thing is, Adinda salah mention. Produk yang ia pakai adalah strap kacamata namun yang ia mention justru akun brand yang anting. Jadi saya kirimkan dm, berterima kasih dan berkata bahwa ia salah mention. Respondnya sangat baik, karna tak lama kemudian ia memposting instastory yang sama namun memention akun yang benar. Berbahagialah saya.;1
Hitungannya sebenarnya saya dapat double exposure kan? Kedua akun brand saya dimention oleh Adinda. Sayangnya sehari setelah mention tersebut, saya tidak merasakan efek yang signifikan baik dalam segi penambahan follower maupun pembelian. So that was a flop.;0
Ketika barang sampai, Chacha melakukan unboxing dan memberikan pujian atas produk saya. Kalau saya tidak salah ingat, saat itu follower Chacha berjumlah 50 - 60 ribu orang.;1
Namun dari sekedar 3 instastory yang di postnya saja, saya mendapatkan feedback yang lumayan dalam bentuk pembelian dan dm yang masuk yang menanyakan avaibility produk;1
Untuk 3 orang lainnya yang barangnya saya kirim bersamaan dengan Chacha, 2 orang sudah memposting photo dan instory, namun feedbacknya tidak begitu kelihatan. Sedangkan 1 orang lagi memposting photo tapi lagi - lagi karena masalah teknis, secara sengaja tidak menyebut akun brand saya.;0
Anyway, baik Alisa maupun suaminya memention akun pribadi dan akun brand saya di instastory dan memposting photo dengan menggunakan produk saya. Mereka sangat ramah bahkan sampai mengabarkan langsung bahwa produknya sudah sampai dan akan photonya akan segera di post.;1
Postingan dari Alisa mendapat respon yang sangat baik karna paska Alisa memposting photo menggunakan produk saya, saya mendapatkan feedback berupa dm dan beberapa pemesanan produk untuk pengiriman keluar negeri. Keren! ;1
Tapi wow, itu adalah feedback yang sangat bagus. terutama karna Alisa dan suaminya hanya meminta 1 buah produk dan memposting photonya secara cuma - cuma.;1
saya pernah iseng - iseng ketika baru memulai bisnis saya mengendorse seorang selebgram dengan followers 200ribu yang tarifnya cuma rp 150,000 dan tidak mendapat feedback apa - apa. Ini kembali ke point saya sebelumnya.;0